지역,학교코드,학교명,설립구분,학교특성,설립유형,개교기념일,법정동코드,위도,경도,"남녀공학 
 구분",학급당 학생수,수업 교원 1인당 학생수,학급수,학생수,학생수_남,학생수_여,교사수,교사1인당_주당평균수업시수
강남구,S000003540,국립국악고등학교,국립,특수목적고등학교,단설,19720909,1168010300,37.4762299,127.0514757,남녀공학,29.5,10.8,15,442,68,374,41,16.1
성북구,S000003561,서울대학교사범대학부설고등학교,국립,일반고등학교,부설,19461015,1129013500,37.59472375,127.0381187,남녀공학,28.3,12.3,27,763,371,392,62,15
금천구,S000005401,국립전통예술고등학교,국립,특수목적고등학교,단설,19600513,1154510300,37.446354,126.906414,남녀공학,29.2,4.3,18,525,129,396,122,8.4
송파구,S010000370,가락고등학교,공립,일반고등학교,단설,19890428,1171010400,37.501637,127.116943,남녀공학,25.2,12.8,33,832,370,462,65,17.1
강동구,S010000371,강동고등학교,사립,일반고등학교,단설,19850908,1174010300,37.54989,127.160702,남녀공학,25.6,13.1,24,614,341,273,47,17.5
양천구,S010000372,강서고등학교,사립,일반고등학교,단설,19831101,1147010200,37.5367773,126.8663295,남,27,14.7,36,971,971,0,66,18.8
강남구,S010000373,개포고등학교,공립,일반고등학교,단설,19870512,1168010300,37.48495876,127.0594054,남녀공학,21.4,10.9,30,643,298,345,59,17.1
광진구,S010000374,건국대학교사범대학부속고등학교,사립,일반고등학교,부속,19800515,1121510700,37.5401481,127.0782556,남녀공학,29.8,14.7,36,1074,643,431,73,16.8
강남구,S010000375,경기고등학교,공립,일반고등학교,단설,19001003,1168010500,37.51756598,127.0560739,남,27,13.5,45,1214,1214,0,90,16.9
강남구,S010000376,경기여자고등학교,공립,일반고등학교,단설,19080401,1168010300,37.48688726,127.0655669,녀,26.5,13.6,43,1141,0,1141,84,16.4
성북구,S010000377,경동고등학교,공립,자율고등학교,단설,19400416,1129011300,37.5862,127.014664,남,19.8,9.5,26,515,515,0,54,15.5
동작구,S010000378,경문고등학교,사립,일반고등학교,단설,19800507,1159010600,37.49309576,126.9816993,남,24.5,12.8,24,588,588,0,46,17.3
종로구,S010000379,경복고등학교,공립,일반고등학교,단설,19210502,1111010100,37.587418,126.971434,남,23.2,11,36,834,834,0,76,15.4
강서구,S010000380,경복여자고등학교,사립,일반고등학교,단설,19931002,1150010200,37.55782075,126.8505974,녀,29.9,15.6,24,718,0,718,46,17.4
마포구,S010000381,경성고등학교,사립,일반고등학교,병설,19671023,1144012400,37.563341,126.918767,남,28.7,14.3,24,688,688,0,48,15.2
종로구,S010000382,경신고등학교,사립,일반고등학교,단설,18851016,1111016900,37.592173,127.000227,남,23.9,11.7,27,645,645,0,55,16.7
구로구,S010000383,경인고등학교,공립,일반고등학교,단설,20020516,1153010600,37.49599386,126.8654306,남녀공학,28,15.1,42,1174,613,561,78,16.4
동대문구,S010000384,경희고등학교,사립,자율고등학교,병설,19600518,1123010800,37.594912,127.054904,남,31.3,15.3,24,752,752,0,49,14.9
동대문구,S010000385,경희여자고등학교,사립,일반고등학교,병설,19600415,1123010800,37.594927,127.051115,녀,21.7,9.8,23,500,0,500,51,16.2
성북구,S010000386,계성고등학교,사립,일반고등학교,단설,19440908,1129013400,37.60771,127.02031,남녀공학,27.9,14.2,33,921,351,570,65,16.3
성북구,S010000387,고려대학교사범대학부속고등학교,사립,일반고등학교,부속,19680311,1129013300,37.609816,127.001571,남,28.7,14.3,27,774,774,0,54,16.1
구로구,S010000388,고척고등학교,공립,자율고등학교,단설,19841217,1153010600,37.50804857,126.8498688,남녀공학,27.2,13.8,30,815,447,368,59,16
강서구,S010000389,공항고등학교,공립,일반고등학교,단설,19830412,1150010500,37.570122,126.81842,남녀공학,21.3,10.5,25,533,266,267,51,15.9
영등포구,S010000390,관악고등학교,공립,일반고등학교,단설,19730427,1156012600,37.52179202,126.8829228,남녀공학,23.1,13.1,30,692,384,308,53,16.3
광진구,S010000391,광남고등학교,공립,일반고등학교,단설,19860513,1121510400,37.54151337,127.1012125,남녀공학,26.3,12.9,43,1132,615,517,88,16.7
강동구,S010000392,광문고등학교,사립,일반고등학교,단설,19851105,1174010200,37.56046136,127.1585483,남녀공학,27.4,14.1,39,1068,639,429,76,17.2
마포구,S010000393,광성고등학교,사립,일반고등학교,단설,18940406,1144011100,37.5487585,126.9342021,남,26.7,13.3,27,720,720,0,54,17.8
관악구,S010000394,광신고등학교,사립,일반고등학교,단설,19870102,1162010200,37.46447593,126.9259388,남녀공학,21.9,11.4,27,592,250,342,52,17
광진구,S010000395,광양고등학교,공립,자율고등학교,단설,19880420,1121510500,37.529721,127.085285,남녀공학,20,9.8,27,540,280,260,55,15.7
양천구,S010000396,광영고등학교,사립,일반고등학교,단설,19850201,1147010300,37.53719702,126.8232754,남,22,11.4,39,858,858,0,75,18.2
양천구,S010000397,광영여자고등학교,사립,일반고등학교,단설,19850306,1147010300,37.53774,126.82489,녀,25.4,13.6,39,992,0,992,73,17.7
구로구,S010000398,구로고등학교,공립,일반고등학교,단설,19820424,1153010200,37.49884153,126.8903093,남녀공학,26.8,13.4,33,884,461,423,66,16.3
구로구,S010000399,구일고등학교,공립,일반고등학교,단설,19900120,1153010200,37.49441003,126.8739422,남녀공학,26.5,13.5,30,796,377,419,59,15.9
강남구,S010000400,압구정고등학교,공립,일반고등학교,단설,19870506,1168011000,37.530973,127.032648,남녀공학,21,12.1,30,629,238,391,52,16.5
양천구,S010000401,금옥여자고등학교,공립,일반고등학교,단설,19810503,1147010100,37.510928,126.844582,녀,22.9,12,31,710,0,710,59,15.5
금천구,S010000402,금천고등학교,공립,자율고등학교,단설,19850506,1154510300,37.445022,126.905691,남녀공학,22.7,11.9,33,748,378,370,63,15.7
관악구,S010000403,남강고등학교,사립,일반고등학교,단설,19730302,1162010200,37.472357,126.924738,남,23.3,12,32,744,744,0,62,16.8
노원구,S010000404,노원고등학교,공립,일반고등학교,단설,19890427,1135010500,37.6628057,127.0532928,남녀공학,21.8,11.3,27,588,329,259,52,16
강남구,S010000405,단국대학교사범대학부속고등학교,사립,일반고등학교,부속,19831226,1168010600,37.495834,127.056676,남,28.3,14.5,39,1103,1103,0,76,18
관악구,S010000406,당곡고등학교,공립,자율고등학교,단설,19840501,1162010100,37.491688,126.934635,남녀공학,26.7,13.1,29,774,320,454,59,15.1
동대문구,S010000407,대광고등학교,사립,자율고등학교,단설,19471025,1123010100,37.577939,127.024586,남,33,14.7,29,957,957,0,65,16
은평구,S010000408,대성고등학교,사립,일반고등학교,단설,19691016,1138010400,37.62316997,126.9093611,남,29.2,15.4,30,875,875,0,57,17.4
종로구,S010000409,대신고등학교,사립,일반고등학교,단설,19380405,1111018100,37.5735255,126.9618728,남,24.9,12.5,27,673,673,0,54,15.9
영등포구,S010000410,대영고등학교,공립,자율고등학교,단설,19871215,1156013200,37.5031524,126.9037896,남녀공학,25.8,12.4,27,697,410,287,56,16.4
광진구,S010000411,대원고등학교,사립,일반고등학교,단설,19770520,1121510100,37.563177,127.089494,남,27.1,13.8,30,814,814,0,59,17.5
광진구,S010000412,대원여자고등학교,사립,일반고등학교,단설,19830520,1121510100,37.5624945,127.089438,녀,25.3,12.7,28,709,0,709,56,16.3
강서구,S010000413,대일고등학교,사립,일반고등학교,단설,19720926,1150010200,37.539175,126.862546,남,26.5,13.8,42,1115,1115,0,81,16.9
노원구,S010000414,대진고등학교,사립,일반고등학교,단설,19851024,1135010400,37.63780505,127.076091,남,28.2,14.5,39,1099,1099,0,76,16.9
노원구,S010000415,대진여자고등학교,사립,일반고등학교,단설,19880212,1135010600,37.64612473,127.0671978,녀,26.9,13.8,39,1049,0,1049,76,17.5
강남구,S010000416,대진디자인고등학교,사립,특성화고등학교,단설,19950302,1168011500,37.49042725,127.0959782,남녀공학,24.5,10.3,27,662,332,330,64,16.7
종로구,S010000417,덕성여자고등학교,사립,일반고등학교,단설,19451010,1111014100,37.57776127,126.9835578,녀,25.6,11.7,27,690,0,690,59,16.7
강서구,S010000418,덕원여자고등학교,사립,일반고등학교,단설,19780429,1150010600,37.54862294,126.8290243,녀,28.3,14.5,42,1187,0,1187,82,18.2
금천구,S010000419,독산고등학교,공립,일반고등학교,단설,20020504,1154510200,37.47621836,126.9109408,남녀공학,22.3,12.1,27,603,313,290,50,16
동대문구,S010000420,동국대학교사범대학부속고등학교,사립,일반고등학교,부속,19470624,1123010600,37.577479,127.074495,남,28.8,14.4,33,949,949,0,66,17.5
서초구,S010000421,동덕여자고등학교,사립,일반고등학교,단설,19100428,1165010100,37.47587683,126.9919958,녀,25.5,13.3,39,996,0,996,75,17.4
은평구,S010000422,동명여자고등학교,사립,일반고등학교,단설,19210603,1138010600,37.61447741,126.9250155,녀,28.3,15.6,39,1105,0,1105,71,17.9
강동구,S010000423,동북고등학교,사립,일반고등학교,단설,19530604,1174010600,37.51971854,127.1412227,남,26,13.3,43,1120,1120,0,84,16.7
종로구,S010000424,동성고등학교,사립,자율고등학교,단설,19381208,1111016900,37.58497032,127.0030976,남,27.6,13.2,31,857,857,0,65,14.6
금천구,S010000425,동일여자고등학교,사립,일반고등학교,단설,19680910,1154510300,37.45098,126.91627,녀,20.8,10.7,32,664,0,664,62,17.2
금천구,S010000426,동일여자상업고등학교,사립,특성화고등학교,단설,19870303,1154510300,37.451491,126.917384,녀,22.5,11.4,36,810,0,810,71,16.8
동작구,S010000427,동작고등학교,공립,일반고등학교,단설,19910430,1159010700,37.48242773,126.9652308,남녀공학,24,11.6,30,719,321,398,62,15.8
강동구,S010000428,둔촌고등학교,공립,일반고등학교,단설,19970412,1174010600,37.53143204,127.1438107,남녀공학,22.2,11.5,33,733,450,283,64,17.1
강서구,S010000429,마포고등학교,사립,일반고등학교,단설,19530601,1150010200,37.55998993,126.8531328,남,30.1,14.6,30,904,904,0,62,17.3
중랑구,S010000430,면목고등학교,공립,자율고등학교,단설,19830420,1126010100,37.584781,127.096719,남,21.1,11.5,30,632,632,0,55,16.2
강서구,S010000431,명덕고등학교,사립,일반고등학교,단설,19841015,1150010600,37.554327,126.83545,남,25.1,12.5,33,828,828,0,66,17.2
강서구,S010000432,명덕여자고등학교,사립,일반고등학교,단설,19841015,1150010600,37.553987,126.834306,녀,28.5,14.8,42,1196,0,1196,81,17.3
광진구,S010000433,동국대학교사범대학부속여자고등학교,사립,일반고등학교,부속,19300620,1121510300,37.543183,127.086964,녀,22.4,10.7,30,671,0,671,63,15.8
강동구,S010000434,명일여자고등학교,공립,일반고등학교,단설,19850508,1174010100,37.54977642,127.1495812,녀,18.1,9.3,30,542,0,542,58,16.5
서대문구,S010000435,명지고등학교,사립,일반고등학교,단설,19480412,1141011800,37.58425,126.927381,남녀공학,29.9,16.1,48,1435,565,870,89,16.9
성동구,S010000436,무학여자고등학교,공립,일반고등학교,단설,19400420,1120010700,37.55676803,127.0335995,녀,21.2,11.4,33,698,0,698,61,17.3
관악구,S010000437,서울문영여자고등학교,사립,일반고등학교,단설,19911107,1162010100,37.473416,126.951081,녀,23.8,12.1,27,642,0,642,53,16.1
금천구,S010000438,문일고등학교,사립,일반고등학교,단설,19741227,1154510300,37.449124,126.898969,남,26.2,13.3,36,942,942,0,71,17.1
관악구,S010000439,미림여자고등학교,사립,일반고등학교,단설,19790531,1162010200,37.466758,126.933272,녀,21.6,11,24,519,0,519,47,16.8
서초구,S010000440,반포고등학교,공립,일반고등학교,단설,19840426,1165010700,37.50270436,127.0165117,남녀공학,28.8,14.2,30,865,391,474,61,16.6
송파구,S010000441,배명고등학교,사립,일반고등학교,병설,19341007,1171010600,37.4988176,127.0957019,남,27.1,13.5,33,893,893,0,66,16
용산구,S010000442,배문고등학교,사립,일반고등학교,단설,19551231,1117010800,37.550311,126.964274,남,17,8.3,23,390,390,0,47,16.2
강동구,S010000443,배재고등학교,사립,자율고등학교,단설,18850608,1174010200,37.556089,127.150977,남,33.5,16.8,39,1307,1307,0,78,16.5
종로구,S010000444,배화여자고등학교,사립,일반고등학교,단설,18981002,1111011300,37.57837045,126.9669116,녀,24.8,12.9,27,670,0,670,52,17.5
양천구,S010000445,백암고등학교,사립,일반고등학교,단설,19841217,1147010100,37.511928,126.8448662,남녀공학,28.1,14.4,36,1011,499,512,70,18
송파구,S010000446,보성고등학교,사립,일반고등학교,단설,19060905,1171011100,37.5194034,127.135273,남,29.6,15.5,33,977,977,0,63,17
용산구,S010000447,보성여자고등학교,사립,일반고등학교,단설,19071010,1117010200,37.54308019,126.9842851,녀,26,13.3,21,546,0,546,41,17.2
관악구,S010000448,삼성고등학교,공립,일반고등학교,단설,19860112,1162010200,37.46913853,126.9436684,남녀공학,19.4,8.9,23,446,194,252,50,14.4
노원구,S010000449,상계고등학교,공립,일반고등학교,단설,19880428,1135010500,37.65272604,127.0554547,남,25.3,11.5,34,860,860,0,75,15.7
종로구,S010000450,상명대학교사범대학부속여자고등학교,사립,일반고등학교,부속,19670307,1111018500,37.603516,126.953837,녀,19.5,9.3,22,428,0,428,46,16.6
노원구,S010000451,상명고등학교,사립,일반고등학교,단설,19370517,1135010600,37.64954799,127.068044,남녀공학,27.2,14.2,33,896,471,425,63,16.3
서초구,S010000452,상문고등학교,사립,일반고등학교,단설,19721223,1165010100,37.47975498,127.0039164,남,28.9,15.3,42,1212,1212,0,79,16.4
강동구,S010000453,상일여자고등학교,사립,일반고등학교,단설,19791006,1174010300,37.54922,127.169635,녀,16.3,8.3,36,587,0,587,71,16
노원구,S010000454,서라벌고등학교,사립,일반고등학교,단설,19560305,1135010600,37.6452418,127.0758368,남,28.4,14.7,43,1221,1221,0,83,17.4
서초구,S010000455,서문여자고등학교,사립,일반고등학교,단설,19721229,1165010100,37.4893031,126.9833064,녀,24.8,12.7,39,966,0,966,76,16.3
서초구,S010000456,서울고등학교,공립,일반고등학교,단설,19460201,1165010800,37.48429243,127.0049025,남,30.2,15.8,45,1359,1359,0,86,18.4
관악구,S010000458,서울미술고등학교,사립,일반고등학교,단설,19720525,1162010100,37.477056,126.966983,남녀공학,39.4,19.7,15,591,74,517,30,15.2
강남구,S010000459,서울세종고등학교,사립,일반고등학교,단설,19581228,1168011500,37.490313,127.102365,남녀공학,22.1,11.5,27,596,250,346,52,17.3
마포구,S010000460,서울여자고등학교,공립,자율고등학교,단설,19580415,1144010900,37.548077,126.9481861,녀,25.5,12.7,33,841,0,841,66,16.3
송파구,S010000461,서울체육고등학교,공립,특수목적고등학교,단설,19710320,1171011100,37.5217588,127.1305913,남녀공학,34,10.7,12,408,272,136,38,14.5
서초구,S010000463,서초고등학교,공립,일반고등학교,단설,19840418,1165010800,37.48961196,127.0053778,남녀공학,27,13.3,33,892,422,470,67,15.9
성북구,S010000464,석관고등학교,공립,일반고등학교,단설,19830413,1129013900,37.60958821,127.0667165,남녀공학,26.6,13.5,27,717,314,403,53,16.5
도봉구,S010000465,선덕고등학교,사립,자율고등학교,단설,19830305,1132010500,37.65507873,127.0261507,남,34.3,17.1,34,1166,1166,0,68,17.5
은평구,S010000466,선일여자고등학교,사립,일반고등학교,단설,19711227,1138010400,37.61914,126.91287,녀,23.1,11.9,32,738,0,738,62,15.8
은평구,S010000467,선정고등학교,사립,일반고등학교,단설,19500522,1138010400,37.61870442,126.9090313,남녀공학,30,15.2,39,1171,594,577,77,15.6
동작구,S010000468,성남고등학교,사립,일반고등학교,단설,19380425,1159010800,37.506078,126.926218,남,29.2,14.8,36,1050,1050,0,71,16.8
중구,S010000469,성동고등학교,공립,자율고등학교,단설,19490824,1114016200,37.56416247,127.0223883,남,17.6,9.5,27,475,475,0,50,17.1
관악구,S010000470,성보고등학교,사립,일반고등학교,단설,19820531,1162010200,37.479815,126.919719,남,27.2,13.8,27,734,734,0,53,16.9
성북구,S010000471,성신여자고등학교,사립,일반고등학교,단설,19360428,1129010300,37.5942881,127.0224064,녀,27.2,13.8,30,815,0,815,59,18
용산구,S010000472,성심여자고등학교,사립,일반고등학교,단설,19600401,1117011800,37.5343665,126.9537281,녀,22.2,10.2,27,599,0,599,59,14.7
서초구,S010000473,세화고등학교,사립,자율고등학교,단설,19861230,1165010700,37.50195197,126.9916176,남,31.2,16.1,36,1124,1124,0,70,16.1
서초구,S010000474,세화여자고등학교,사립,자율고등학교,단설,19780303,1165010700,37.502182,126.993286,녀,30.9,15.3,36,1114,0,1114,73,16.7
중랑구,S010000475,송곡고등학교,사립,일반고등학교,단설,19861231,1126010500,37.60584697,127.1064637,남,23.5,12.2,30,706,706,0,58,16.1
중랑구,S010000476,송곡여자고등학교,사립,일반고등학교,단설,19730524,1126010500,37.6,127.1,녀,22.5,12.2,33,744,0,744,61,15.6
동작구,S010000477,수도여자고등학교,공립,일반고등학교,단설,19460610,1159010900,37.4933845,126.915414,녀,28,13.8,33,925,0,925,67,15.8
노원구,S010000478,수락고등학교,공립,자율고등학교,단설,20020426,1135010500,37.6,127,남녀공학,21.7,11.3,28,608,284,324,54,16.8
강남구,S010000479,숙명여자고등학교,사립,일반고등학교,단설,19060522,1168011800,37.49147446,127.0526124,녀,28.8,15.1,43,1239,0,1239,82,17.1
마포구,S010000480,숭문고등학교,사립,자율고등학교,단설,19460828,1144010800,37.55088946,126.9457706,남,26,14.2,24,625,625,0,44,17.1
은평구,S010000481,숭실고등학교,사립,일반고등학교,단설,18971010,1138010900,37.59287316,126.9024048,남,28.3,15.3,39,1105,1105,0,72,17.5
동작구,S010000482,숭의여자고등학교,사립,일반고등학교,단설,19031031,1159010800,37.50736234,126.9292442,녀,31,15.2,27,837,0,837,55,17.1
용산구,S010000483,신광여자고등학교,사립,일반고등학교,단설,19530608,1117011100,37.54290069,126.9694483,녀,19.4,10,16,310,0,310,31,17.8
관악구,S010000484,신림고등학교,공립,일반고등학교,단설,19870506,1162010200,37.4783835,126.9166401,남녀공학,22.5,13.2,24,541,219,322,41,16
양천구,S010000485,신목고등학교,공립,일반고등학교,단설,19870528,1147010100,37.512763,126.873615,남녀공학,27.6,14,43,1188,548,640,85,15.9
강북구,S010000486,신일고등학교,사립,자율고등학교,단설,19661013,1130510100,37.62819,127.027724,남,31.3,16.9,33,1033,1033,0,61,19.8
서초구,S010000487,양재고등학교,공립,일반고등학교,단설,19901123,1165010800,37.48242128,127.0320783,남녀공학,26.3,13.2,33,869,478,391,66,15.8
양천구,S010000488,양정고등학교,사립,자율고등학교,단설,19050512,1147010200,37.5348671,126.8869776,남,31.3,15,36,1127,1127,0,75,16.2
양천구,S010000489,양천고등학교,사립,일반고등학교,단설,19840312,1147010100,37.508667,126.845736,남,29.5,15.5,33,974,974,0,63,18.2
양천구,S010000490,목동고등학교,사립,일반고등학교,단설,19900914,1147010100,37.50921453,126.8601996,녀,24.5,12.7,45,1101,0,1101,87,16.7
서초구,S010000491,언남고등학교,공립,일반고등학교,단설,19860430,1165010200,37.47233011,127.0430034,남녀공학,18.5,10.5,33,609,316,293,58,16.6
영등포구,S010000492,여의도고등학교,공립,일반고등학교,단설,19730303,1156011000,37.52505011,126.9342187,남,23.9,12,33,790,790,0,66,15.9
영등포구,S010000493,여의도여자고등학교,공립,일반고등학교,단설,19840506,1156011000,37.52288819,126.9350894,녀,24.5,11.8,28,685,0,685,58,16.2
노원구,S010000494,염광고등학교,사립,일반고등학교,단설,19830302,1135010200,37.628422,127.049528,남녀공학,26.1,13.7,30,782,340,442,57,17.5
강남구,S010000495,영동고등학교,사립,일반고등학교,단설,19730603,1168010400,37.520183,127.043348,남,22.6,11.8,39,883,883,0,75,17.6
송파구,S010000496,영동일고등학교,사립,일반고등학교,단설,19780324,1171010100,37.5100019,127.0898685,남녀공학,28.7,14.8,36,1033,503,530,70,17.3
동작구,S010000497,영등포고등학교,공립,일반고등학교,단설,19590407,1159010800,37.508441,126.933946,남,21.6,11.2,27,582,582,0,52,16.1
영등포구,S010000498,영등포여자고등학교,공립,일반고등학교,단설,19530331,1156013200,37.51539016,126.9153554,녀,18.9,9.6,27,510,0,510,53,15.6
관악구,S010000499,영락고등학교,사립,일반고등학교,단설,19550301,1162010100,37.476283,126.944206,남녀공학,21.5,10.3,21,451,193,258,44,15.5
양천구,S010000500,서울영상고등학교,사립,특성화고등학교,단설,19611208,1147010100,37.52330273,126.8602955,남녀공학,25.4,13.4,18,457,184,273,34,16.9
영등포구,S010000501,영신고등학교,공립,일반고등학교,단설,19910501,1156013200,37.49810112,126.9097387,남녀공학,21.4,11.3,30,642,375,267,57,15.2
노원구,S010000502,영신여자고등학교,사립,일반고등학교,단설,19871215,1135010600,37.6524538,127.0832769,녀,22.6,12.2,39,880,0,880,72,16.4
강서구,S010000503,영일고등학교,사립,일반고등학교,단설,19750515,1150010200,37.54728582,126.8620613,남,27.3,13.7,36,983,983,0,72,17.4
송파구,S010000504,영파여자고등학교,사립,일반고등학교,단설,19671028,1171010300,37.5321334,127.1198218,녀,23.4,11.7,38,891,0,891,76,17.6
강북구,S010000505,영훈고등학교,사립,일반고등학교,단설,19730327,1130510100,37.613509,127.027784,남녀공학,29.8,15.3,36,1071,526,545,70,17.5
은평구,S010000506,예일여자고등학교,사립,일반고등학교,단설,19650926,1138010500,37.6108146,126.9153478,녀,27.5,14.2,36,991,0,991,70,16.6
송파구,S010000507,오금고등학교,공립,일반고등학교,단설,19880421,1171011200,37.504251,127.129331,남녀공학,29.6,15,33,976,431,545,65,16.7
구로구,S010000508,오류고등학교,사립,일반고등학교,단설,19991127,1153010900,37.500202,126.828238,녀,16.6,8.5,24,399,0,399,47,15.7
용산구,S010000509,오산고등학교,사립,일반고등학교,단설,19070515,1117013600,37.5235144,126.9996084,남,23.7,12.3,24,568,568,0,46,17.3
성북구,S010000510,용문고등학교,사립,일반고등학교,단설,19461012,1129012200,37.5879326,127.0251981,남,29,14.5,33,958,958,0,66,16.4
용산구,S010000511,용산고등학교,공립,일반고등학교,단설,19460909,1117010200,37.54586549,126.9803285,남,25.5,12.9,43,1097,1097,0,85,16.6
노원구,S010000512,용화여자고등학교,사립,일반고등학교,단설,19870422,1135010500,37.65913246,127.0582791,녀,23.5,12.5,39,916,0,916,73,17.6
구로구,S010000513,우신고등학교,사립,일반고등학교,단설,19740523,1153010900,37.495324,126.826705,남,27.3,13.2,27,738,738,0,56,16.4
강남구,S010000514,은광여자고등학교,사립,일반고등학교,단설,19461015,1168011800,37.4884898,127.0331385,녀,25.1,12.8,30,754,0,754,59,17.1
은평구,S010000515,은평메디텍고등학교,사립,특성화고등학교,단설,19910807,1138011400,37.635284,126.929185,남녀공학,20.7,8.8,23,477,310,167,54,15.2
중구,S010000516,이화여자고등학교,사립,자율고등학교,단설,18860531,1114016700,37.56569982,126.9705573,녀,34.1,16.8,36,1226,0,1226,73,16.8
서대문구,S010000517,이화여자대학교사범대학부속이화금란고등학교,사립,자율고등학교,부속,19580401,1141011300,37.56636584,126.947661,남녀공학,31.4,14.7,36,1132,428,704,77,16.1
서대문구,S010000518,인창고등학교,사립,일반고등학교,단설,19531010,1141010100,37.565414,126.963492,남,27.4,13.7,24,657,657,0,48,17.1
관악구,S010000519,인헌고등학교,공립,일반고등학교,단설,19850605,1162010100,37.47230902,126.9704855,남녀공학,22.3,10.5,24,536,265,271,51,15.7
광진구,S010000521,자양고등학교,공립,일반고등학교,단설,19840515,1121510500,37.5357534,127.0729905,남녀공학,23.2,12.3,36,834,455,379,68,16.3
송파구,S010000522,잠신고등학교,공립,일반고등학교,단설,19881223,1171010100,37.51470635,127.0882634,남녀공학,20.4,10.8,36,734,405,329,68,16.7
송파구,S010000523,잠실고등학교,공립,일반고등학교,단설,19830404,1171010200,37.51963111,127.1079429,남,21.4,11.1,30,641,641,0,58,16.8
송파구,S010000524,잠실여자고등학교,사립,일반고등학교,단설,19830513,1171010400,37.5023233,127.1130974,녀,24.1,12.7,39,938,0,938,74,17.7
중구,S010000525,장충고등학교,사립,일반고등학교,단설,19470901,1114016200,37.5526811,127.006058,남,19.7,9.9,20,394,394,0,40,16.2
영등포구,S010000526,장훈고등학교,사립,자율고등학교,단설,19640113,1156013200,37.5133437,126.9162309,남,27.4,15.6,34,933,933,0,60,17.1
노원구,S010000527,재현고등학교,사립,일반고등학교,단설,19780303,1135010600,37.660141,127.079847,남,28.4,14,36,1022,1022,0,73,17.1
송파구,S010000528,정신여자고등학교,사립,일반고등학교,단설,19871020,1171010100,37.508824,127.071909,녀,30,16.1,36,1079,0,1079,67,16.7
도봉구,S010000529,정의여자고등학교,사립,일반고등학교,단설,19761007,1132010500,37.652905,127.031038,녀,24.3,12.5,36,875,0,875,70,17.2
용산구,S010000530,중경고등학교,공립,자율고등학교,단설,19820301,1117012900,37.5176813,126.9756393,남녀공학,18.7,11.2,24,448,147,301,40,16
강남구,S010000531,중동고등학교,사립,자율고등학교,단설,19060510,1168011400,37.49371459,127.0809111,남,32.3,16.6,36,1164,1164,0,70,17.1
강남구,S010000532,중산고등학교,사립,일반고등학교,단설,19940325,1168011400,37.48571689,127.0814362,남,24.4,12.8,36,880,880,0,69,17.3
종로구,S010000533,중앙고등학교,사립,자율고등학교,단설,19080620,1111014800,37.5840273,126.9868771,남,32.5,15.2,30,975,975,0,64,15.2
강남구,S010000534,중앙대학교사범대학부속고등학교,사립,일반고등학교,부속,19340415,1168011800,37.49190717,127.0521106,남녀공학,28,14.6,36,1008,417,591,69,17.6
서대문구,S010000535,중앙여자고등학교,사립,일반고등학교,단설,19401010,1141011000,37.5626955,126.9527025,녀,24.4,11.2,23,561,0,561,50,14.7
중랑구,S010000536,중화고등학교,공립,일반고등학교,단설,19880423,1126010300,37.604896,127.083203,남녀공학,21.9,11.6,27,591,297,294,51,16.4
양천구,S010000537,진명여자고등학교,사립,일반고등학교,단설,19060421,1147010200,37.524048,126.8658553,녀,30.8,16.3,45,1388,0,1388,85,18
강남구,S010000538,진선여자고등학교,사립,일반고등학교,단설,19761228,1168010100,37.501828,127.046904,녀,29.7,15.5,33,979,0,979,63,17.3
송파구,S010000539,창덕여자고등학교,공립,일반고등학교,단설,19410422,1171011100,37.5162418,127.1402751,녀,15,7.4,36,540,0,540,73,15.9
도봉구,S010000540,창동고등학교,공립,일반고등학교,단설,20020301,1132010700,37.65103523,127.0388183,남녀공학,26.3,14.1,43,1130,656,474,80,17.5
강북구,S010000541,창문여자고등학교,사립,일반고등학교,단설,19751010,1130510100,37.6,127,녀,25.2,13.3,39,984,0,984,74,18
강남구,S010000542,청담고등학교,공립,일반고등학교,단설,19900522,1168011000,37.52800121,127.0437006,남녀공학,18.3,9.3,33,603,267,336,65,17.9
동대문구,S010000543,청량고등학교,공립,자율고등학교,단설,19820402,1123010700,37.58888754,127.0513131,남녀공학,23.5,12.3,36,847,472,375,69,16.4
노원구,S010000544,청원고등학교,사립,일반고등학교,단설,19890510,1135010500,37.666697,127.063081,남,28.8,15.2,45,1296,1296,0,85,17.5
노원구,S010000545,청원여자고등학교,사립,일반고등학교,단설,20010510,1135010500,37.666141,127.061236,녀,27.3,14.2,39,1064,0,1064,75,15.9
은평구,S010000546,충암고등학교,사립,일반고등학교,단설,19681109,1138010700,37.584813,126.921298,남,27.4,14.1,39,1070,1070,0,76,17.3
중랑구,S010000547,태릉고등학교,공립,일반고등학교,단설,19850507,1126010400,37.61916257,127.0855595,남녀공학,24.9,12.9,30,747,432,315,58,17
강남구,S010000548,풍문고등학교,사립,일반고등학교,단설,19440410,1168011200,37.471327,127.0999477,남녀공학,22.8,12.2,36,820,296,524,67,16.6
양천구,S010000549,한가람고등학교,사립,자율고등학교,단설,19961210,1147010200,37.5374633,126.8840071,남녀공학,33.9,16.6,24,813,377,436,49,18.2
영등포구,S010000550,한강미디어고등학교,공립,특성화고등학교,단설,19950110,1156012800,37.53929199,126.8972608,남녀공학,25.2,10.1,24,605,255,350,60,17.8
강서구,S010000551,한광고등학교,사립,일반고등학교,단설,19870119,1150010300,37.53884398,126.8579401,남녀공학,16.9,8.8,13,220,157,63,25,16.3
노원구,S010000552,한국삼육고등학교,사립,일반고등학교,단설,19491113,1135010300,37.64335827,127.1088514,남녀공학,27.4,12.7,18,494,258,236,39,17.3
강서구,S010000554,한서고등학교,사립,일반고등학교,단설,19850311,1150010900,37.5747918,126.8081443,남녀공학,24.7,12.6,27,668,287,381,53,15.2
서대문구,S010000555,한성고등학교,사립,일반고등학교,단설,19280925,1141011000,37.5598356,126.9545114,남,22,11.2,26,572,572,0,51,16.6
성북구,S010000556,한성여자고등학교,사립,일반고등학교,단설,19451005,1129011200,37.583201,127.011775,녀,28,14.6,27,757,0,757,52,17.3
성동구,S010000557,한양대학교사범대학부속고등학교,사립,자율고등학교,부속,19600515,1120010600,37.56191893,127.042326,남녀공학,32.3,16.4,35,1129,139,990,69,16.8
강동구,S010000558,한영고등학교,사립,일반고등학교,단설,19330418,1174010300,37.548915,127.158204,남녀공학,29.4,15.4,42,1234,730,504,80,17.1
강남구,S010000559,현대고등학교,사립,자율고등학교,단설,19850429,1168011000,37.525398,127.022736,남녀공학,31.8,15.7,36,1145,462,683,73,16.5
노원구,S010000560,혜성여자고등학교,사립,일반고등학교,단설,19821010,1135010400,37.640785,127.073503,녀,28.9,15.1,36,1042,0,1042,69,17.8
중랑구,S010000561,혜원여자고등학교,사립,일반고등학교,단설,19730305,1126010500,37.59328087,127.0970432,녀,23.2,12.2,30,695,0,695,57,16.1
강북구,S010000562,혜화여자고등학교,공립,일반고등학교,단설,19660305,1130510300,37.6312378,127.0130453,녀,22.6,11.9,30,677,0,677,57,15.9
성북구,S010000563,홍익대학교사범대학부속고등학교,사립,일반고등학교,부속,19540412,1129010100,37.594336,127.003863,남,17.4,8.7,19,331,331,0,38,16.3
마포구,S010000564,홍익대학교사범대학부속여자고등학교,사립,일반고등학교,부속,19680312,1144012500,37.560173,126.91268,녀,31.3,18.3,24,752,0,752,41,17.3
강서구,S010000565,화곡고등학교,사립,일반고등학교,단설,19780130,1150010600,37.5480514,126.831698,남,27.9,13.7,30,838,838,0,61,17.4
중구,S010000566,환일고등학교,사립,일반고등학교,단설,19470624,1114017400,37.55382591,126.96221,남,25.4,12.5,30,762,762,0,61,18
동대문구,S010000567,휘경여자고등학교,사립,일반고등학교,단설,19750519,1123010900,37.583858,127.067362,녀,25.8,12.3,33,851,0,851,69,17.9
강남구,S010000568,휘문고등학교,사립,자율고등학교,단설,19060501,1168010600,37.505109,127.06142,남,31.4,17.6,42,1319,1319,0,75,17.7
종로구,S010000569,서울과학고등학교,공립,특수목적고등학교,단설,19880914,1111016900,37.5915572,126.9984688,남녀공학,15.7,4.9,24,376,348,28,76,12.5
서대문구,S010000570,한성과학고등학교,공립,특수목적고등학교,단설,19920925,1141010900,37.57543545,126.952373,남녀공학,19,6.2,20,379,308,71,61,10.3
광진구,S010000571,대원외국어고등학교,사립,특수목적고등학교,단설,19840520,1121510100,37.563653,127.089124,남녀공학,25.8,14.6,30,775,224,551,53,15.6
성북구,S010000572,대일외국어고등학교,사립,특수목적고등학교,단설,19840924,1129013300,37.61330387,127.0141757,남녀공학,25,13.2,30,751,181,570,57,14.6
강서구,S010000573,명덕외국어고등학교,사립,특수목적고등학교,단설,19910911,1150010600,37.55424,126.83343,남녀공학,24.3,11.4,30,730,183,547,64,15.2
도봉구,S010000574,서울외국어고등학교,사립,특수목적고등학교,단설,19931005,1132010700,37.64577944,127.0515108,남녀공학,21.6,10.5,30,648,182,466,62,15.2
중구,S010000575,이화여자외국어고등학교,사립,특수목적고등학교,단설,19910911,1114016800,37.56557705,126.9696428,녀,22.4,9,18,403,0,403,45,13.9
강동구,S010000576,한영외국어고등학교,사립,특수목적고등학교,단설,19900418,1174010300,37.548158,127.157312,남녀공학,22.1,11.2,30,662,151,511,59,16.3
강남구,S010000577,서울로봇고등학교,공립,특수목적고등학교,단설,19940104,1168011400,37.48068363,127.0843296,남녀공학,19.2,6.9,24,460,436,24,67,16.5
강서구,S010000578,강서공업고등학교,공립,특성화고등학교,단설,19940105,1150010900,37.57603355,126.8161831,남녀공학,24.4,10.3,24,586,503,83,57,17.7
노원구,S010000579,경기기계공업고등학교,공립,특성화고등학교,단설,19570215,1135010400,37.63224131,127.0749298,남녀공학,21.7,8.8,54,1174,1157,17,134,17.5
노원구,S010000580,광운전자공업고등학교,사립,특성화고등학교,병설,19340520,1135010200,37.6192413,127.0565444,남,23.7,10.8,30,710,710,0,66,15.7
강남구,S010000581,단국대학교부속소프트웨어고등학교,사립,특성화고등학교,단설,19501103,1168010600,37.49561668,127.0577673,남,15.7,6.9,15,236,236,0,34,16.6
구로구,S010000582,덕일전자공업고등학교,사립,특성화고등학교,단설,19941005,1153010800,37.49098336,126.8387989,남녀공학,23.2,11.1,12,278,255,23,25,15.8
마포구,S010000583,서울디자인고등학교,사립,특성화고등학교,단설,19550112,1144010900,37.546691,126.947828,남녀공학,24.6,10.6,34,837,348,489,79,17.6
강서구,S010000584,동양고등학교,사립,일반고등학교,단설,19530519,1150010400,37.56902103,126.8470796,남,21,10.5,23,483,483,0,46,17.1
성동구,S010000585,서울방송고등학교,공립,특성화고등학교,단설,19911030,1120011300,37.54777313,127.0110355,남녀공학,25,10.3,21,524,214,310,51,17.1
강동구,S010000586,상일미디어고등학교,사립,특성화고등학교,단설,19841006,1174010300,37.5484571,127.1670127,남녀공학,25.4,12.3,32,814,446,368,66,16.7
노원구,S010000587,미래산업과학고등학교,사립,특성화고등학교,단설,19940323,1135010600,37.6587784,127.0784425,남녀공학,24.6,10.6,24,591,437,154,56,15.6
동작구,S010000588,서울공업고등학교,공립,특성화고등학교,단설,18990505,1159010800,37.50190153,126.9223643,남녀공학,24.4,9.6,60,1464,1272,192,152,17.7
용산구,S010000589,서울디지텍고등학교,사립,특성화고등학교,단설,19751004,1117013000,37.5389687,126.9906177,남녀공학,24,2.8,4,96,67,29,34,14.8
성북구,S010000590,서울도시과학기술고등학교,공립,특수목적고등학교,단설,19640108,1129013600,37.60781127,127.0330426,남녀공학,19.2,6.8,21,404,357,47,59,15.2
중구,S010000591,성동공업고등학교,공립,특성화고등학교,단설,19440401,1114016300,37.56936387,127.0172825,남녀공학,24.8,10.5,35,868,782,86,83,17.8
성동구,S010000592,성수공업고등학교,공립,특성화고등학교,단설,19980605,1120011500,37.54054009,127.0512981,남녀공학,16.2,6.8,23,372,359,13,55,17.4
송파구,S010000593,송파공업고등학교,공립,특성화고등학교,단설,19910301,1171011300,37.491476,127.142528,남녀공학,20.6,9.3,27,557,497,60,60,17.6
강남구,S010000594,수도전기공업고등학교,사립,특수목적고등학교,단설,19240302,1168010300,37.48493808,127.0644798,남녀공학,19.8,6.2,30,594,488,106,96,13.3
은평구,S010000595,신진과학기술고등학교,사립,특성화고등학교,단설,19700316,1138010700,37.59871321,126.9188349,남녀공학,24.3,9.9,24,584,563,21,59,18.4
강서구,S010000596,영등포공업고등학교,사립,특성화고등학교,단설,19530409,1150010400,37.56983571,126.8500301,남,21.1,9.1,19,400,400,0,44,14.3
용산구,S010000597,용산철도고등학교,공립,특성화고등학교,단설,19630518,1117012800,37.52434312,126.9673563,남녀공학,23.5,9.7,33,776,750,26,80,17.5
구로구,S010000598,유한공업고등학교,사립,특성화고등학교,병설,19641229,1153011200,37.488282,126.823964,남녀공학,25.2,10.8,24,604,533,71,56,18.4
노원구,S010000599,서울아이티고등학교,사립,특성화고등학교,단설,19921030,1135010600,37.64241889,127.0624493,남녀공학,23.9,10.6,30,718,608,110,68,15.1
노원구,S010000600,인덕과학기술고등학교,사립,특성화고등학교,단설,19631214,1135010200,37.631885,127.055742,남녀공학,23.6,10.1,30,708,611,97,70,15.3
중구,S010000601,한양공업고등학교,사립,특성화고등학교,단설,19450901,1114016200,37.56587232,127.0114457,남,25.3,10.6,36,911,911,0,86,16.1
동대문구,S010000602,휘경공업고등학교,공립,특성화고등학교,단설,19980702,1123010900,37.58522006,127.069729,남녀공학,13.9,5.8,29,402,387,15,69,17.5
종로구,S010000603,경기상업고등학교,공립,특성화고등학교,단설,19230514,1111010100,37.58925,126.9697,남녀공학,16,8,20,319,210,109,40,16.8
중구,S010000604,서울의료보건고등학교,사립,특성화고등학교,단설,19921002,1114017300,37.55729791,126.9667217,녀,23.9,11.5,15,358,0,358,31,16.6
성북구,S010000605,동구마케팅고등학교,사립,특성화고등학교,단설,19420617,1129010100,37.5931322,127.0067429,녀,23.4,11.9,30,703,0,703,59,17
강동구,S010000606,서울컨벤션고등학교,사립,특성화고등학교,단설,19611215,1174010200,37.559207,127.158087,남녀공학,25.2,12.8,30,757,340,417,59,16.9
관악구,S010000607,서울여자상업고등학교,사립,특성화고등학교,단설,19260929,1162010100,37.472732,126.950557,녀,25.4,12.7,30,762,0,762,60,16.7
은평구,S010000608,선일이비즈니스고등학교,사립,특성화고등학교,단설,19850311,1138010400,37.620336,126.912002,녀,23.3,12.9,27,630,0,630,49,17
강동구,S010000609,성덕고등학교,사립,일반고등학교,단설,19770905,1174010900,37.550568,127.1399873,남녀공학,29.3,11.7,24,704,367,337,60,15.8
강서구,S010000610,서울신정고등학교,사립,특성화고등학교,단설,19780130,1150010300,37.538583,126.856999,녀,18.9,9.5,26,492,0,492,52,16.8
관악구,S010000611,영락의료과학고등학교,사립,특성화고등학교,단설,19590409,1162010100,37.476564,126.944783,남녀공학,19.8,10.5,18,356,193,163,34,17.5
송파구,S010000612,일신여자상업고등학교,사립,특성화고등학교,단설,19580406,1171010400,37.50197244,127.1145266,녀,23.2,11.9,43,999,0,999,84,16.8
동대문구,S010000613,정화여자상업고등학교,사립,특성화고등학교,단설,19080901,1123010300,37.58578854,127.0410307,녀,17.6,8.6,19,334,0,334,39,16.6
동대문구,S010000614,해성국제컨벤션고등학교,사립,특성화고등학교,단설,19610404,1123010400,37.581757,127.057237,녀,23.5,12,27,635,0,635,53,17.3
마포구,S010000615,홍익디자인고등학교,사립,특성화고등학교,병설,19920727,1144012400,37.562686,126.91972,녀,25.5,13.2,15,382,0,382,29,16.6
은평구,S010000616,선정국제관광고등학교,사립,특성화고등학교,단설,19500522,1138010400,37.618819,126.908452,녀,22.6,10.6,15,339,0,339,32,15.5
중구,S010000617,성동글로벌경영고등학교,공립,특성화고등학교,단설,19610303,1114016200,37.56585408,127.0135238,녀,22.7,11.2,28,636,0,636,57,17.1
도봉구,S010000618,세그루패션디자인고등학교,사립,특성화고등학교,단설,19740915,1132010500,37.655556,127.026449,녀,22.2,10.9,24,532,0,532,49,15.7
노원구,S010000619,영신간호비즈니스고등학교,사립,특성화고등학교,단설,19930508,1135010600,37.6524538,127.0832769,녀,22.1,11.3,27,597,0,597,53,17
은평구,S010000620,예일디자인고등학교,사립,특성화고등학교,단설,19930926,1138010500,37.609594,126.915797,녀,25.5,12.8,24,613,0,613,48,16.6
강서구,S010000622,덕원예술고등학교,사립,특수목적고등학교,단설,19920429,1150010600,37.549372,126.828448,남녀공학,39.4,18.5,15,591,77,514,32,14.9
종로구,S010000625,서울예술고등학교,사립,특수목적고등학교,단설,19530321,1111018300,37.60575727,126.9678915,남녀공학,36.3,21.8,30,1090,183,907,50,16.2
광진구,S010000626,선화예술고등학교,사립,특수목적고등학교,단설,19760705,1121510200,37.549994,127.087558,남녀공학,40.4,23.2,27,1092,153,939,47,15.8
강서구,S010000628,경복비즈니스고등학교,사립,특성화고등학교,단설,19721002,1150010200,37.55810444,126.8526522,녀,24,12.5,27,649,0,649,52,16.7
성북구,S010000629,고명외식고등학교,사립,특성화고등학교,단설,19560221,1129010300,37.59732,127.02019,남녀공학,17.9,8.7,18,323,211,112,37,15.4
관악구,S010000630,서울관광고등학교,사립,특성화고등학교,단설,19780315,1162010100,37.488222,126.943542,남녀공학,24.8,12.6,29,719,244,475,57,16
관악구,S010000631,광신방송예술고등학교,사립,특성화고등학교,단설,19051010,1162010200,37.465719,126.924699,남녀공학,18.7,9.1,16,299,201,98,33,14.9
구로구,S010000632,예림디자인고등학교,사립,특성화고등학교,단설,20190401,1153010900,37.498706,126.829453,녀,20.5,10.5,18,369,0,369,35,16.5
중구,S010000633,대경상업고등학교,사립,특성화고등학교,단설,19560416,1114016200,37.55669583,127.0175331,남녀공학,23.8,11.6,24,570,361,209,49,16.5
종로구,S010000634,대동세무고등학교,사립,특성화고등학교,단설,19250418,1111014800,37.58158201,126.9879496,남녀공학,25.7,13.1,30,772,301,471,59,16.1
양천구,S010000635,대일관광고등학교,사립,특성화고등학교,단설,19800926,1147010100,37.61395633,127.0129255,녀,23,11.5,23,530,0,530,46,17.4
성동구,S010000636,덕수고등학교,공립,특성화고등학교,단설,19100413,1120010700,37.55526278,127.0411407,남녀공학,19,9.1,35,665,545,120,73,15.7
도봉구,S010000637,서울문화고등학교,공립,특성화고등학교,단설,19840507,1132010600,37.66413242,127.0472847,남녀공학,19.1,9.8,32,610,343,267,62,16.8
은평구,S010000638,동명생활경영고등학교,사립,특성화고등학교,단설,19210603,1138010600,37.61421,126.923068,녀,22.7,11.4,15,341,0,341,30,17
관악구,S010000639,미림여자정보과학고등학교,사립,특수목적고등학교,단설,19910531,1162010200,37.466336,126.932907,녀,18.7,7.8,18,337,0,337,43,14.9
송파구,S010000640,보인고등학교,사립,자율고등학교,단설,19080608,1171011200,37.496983,127.138291,남,31,15.9,36,1116,1116,0,70,18.4
구로구,S010000641,서서울생활과학고등학교,사립,특성화고등학교,단설,19720331,1153010900,37.50344,126.827752,남녀공학,23.9,12.5,39,934,427,507,75,17.1
양천구,S010000642,서울금융고등학교,공립,특성화고등학교,단설,19841217,1147010300,37.537615,126.825664,남녀공학,13.2,6.9,25,329,241,88,48,16.5
종로구,S010000644,서일문화예술고등학교,사립,특성화고등학교,단설,19690715,1111017400,37.5793799,127.0127927,남녀공학,17.8,9.9,15,267,35,232,27,17.4
강북구,S010000645,성암국제무역고등학교,사립,특성화고등학교,단설,19601001,1130510100,37.620895,127.024682,녀,23.4,11.9,24,561,0,561,47,16.7
강서구,S010000646,서울항공비즈니스고등학교,사립,특성화고등학교,단설,19870605,1150010900,37.56921616,126.817042,남녀공학,21.3,10.8,28,596,411,185,55,16.8
중랑구,S010000647,송곡관광고등학교,사립,특성화고등학교,단설,19970524,1126010500,37.606334,127.10544,녀,24.4,12.8,21,512,0,512,40,16.6
노원구,S010000649,염광여자메디텍고등학교,사립,특성화고등학교,단설,19680301,1135010200,37.629901,127.048562,녀,22.1,9.6,23,508,0,508,53,14.1
중랑구,S010000650,이화여자대학교병설미디어고등학교,사립,특성화고등학교,병설,19690918,1126010500,37.6031306,127.1053319,녀,24.8,12.7,24,596,0,596,47,16.9
노원구,S010000651,서울동산고등학교,사립,특성화고등학교,단설,19680429,1135010300,37.6302021,127.07506,남녀공학,22.5,11.5,44,992,286,706,86,16.5
강서구,S010000655,화곡보건경영고등학교,사립,특성화고등학교,단설,19870916,1150010600,37.549041,126.832793,녀,20.3,10.6,24,486,0,486,46,18.4
중구,S010000656,리라아트고등학교,사립,특성화고등학교,단설,19520520,1114014200,37.5571299,126.9882245,남녀공학,25.3,10.6,18,455,198,257,43,15
서초구,S010000657,서울전자고등학교,공립,특성화고등학교,단설,19940506,1165010100,37.46972083,126.988361,남녀공학,18.8,7.6,19,357,318,39,47,17
용산구,S010000658,선린인터넷고등학교,공립,특성화고등학교,단설,18990624,1117011100,37.54297557,126.9664882,남녀공학,25.1,12.2,36,904,669,235,74,16.5
은평구,S010000659,세명컴퓨터고등학교,사립,특성화고등학교,단설,19740429,1138010300,37.62777125,126.9232486,남녀공학,25.2,10.7,25,630,558,72,59,14.1
마포구,S010000662,한세사이버보안고등학교,사립,특성화고등학교,단설,19941005,1144010100,37.552009,126.952001,남녀공학,24.3,11,15,364,314,50,33,15
도봉구,S010005181,누원고등학교,공립,일반고등학교,단설,20030506,1132010800,37.68556743,127.049933,남녀공학,20.9,10,23,480,248,232,48,16
송파구,S010005182,방산고등학교,공립,일반고등학교,단설,20030930,1171011100,37.5083997,127.120472,남녀공학,23.9,12,36,862,447,415,72,15.9
중랑구,S010005204,신현고등학교,공립,일반고등학교,단설,20040429,1126010200,37.60524932,127.09295,남녀공학,22.9,12.4,27,618,304,314,50,17.2
도봉구,S010005205,자운고등학교,공립,일반고등학교,단설,20040423,1132010700,37.65904587,127.0506904,남녀공학,24.2,11.9,30,727,414,313,61,16.3
도봉구,S010005206,도봉고등학교,공립,일반고등학교,단설,20040504,1132010800,37.686756,127.0425782,남녀공학,13.9,7.1,20,277,114,163,39,14.5
강서구,S010005208,등촌고등학교,공립,자율고등학교,단설,20040301,1150010200,37.56294567,126.8450457,남녀공학,20.5,11.2,30,615,251,364,55,16.7
성동구,S010005209,경일고등학교,공립,자율고등학교,단설,20040506,1120011400,37.54382838,127.0478694,남녀공학,16.9,8.9,22,372,171,201,42,14.7
영등포구,S010005261,선유고등학교,공립,일반고등학교,단설,20050526,1156012800,37.5339205,126.8948722,남녀공학,21.9,11.2,27,591,292,299,53,15.6
노원구,S010005262,월계고등학교,공립,일반고등학교,단설,20050301,1135010200,37.63173247,127.0487142,남녀공학,19.9,10.8,30,596,337,259,55,16.1
노원구,S010005263,불암고등학교,공립,일반고등학교,단설,20050301,1135010600,37.64915826,127.0803044,남녀공학,25.1,12.4,36,902,462,440,73,15.2
강서구,S010005270,세현고등학교,공립,일반고등학교,단설,20060506,1150010400,37.560416,126.863464,남녀공학,22.3,11.8,27,603,295,308,51,16
양천구,S010005285,신서고등학교,공립,일반고등학교,단설,20060525,1147010100,37.5238435,126.857988,남녀공학,24,12,24,576,320,256,48,15.3
도봉구,S010005288,효문고등학교,공립,일반고등학교,단설,20060605,1132010500,37.65269799,127.0183988,남녀공학,19.6,10.2,26,509,260,249,50,17.3
중랑구,S010005364,원묵고등학교,공립,자율고등학교,단설,20070531,1126010400,37.615506,127.086204,남녀공학,26.7,12.2,27,722,412,310,59,15.9
마포구,S010005365,상암고등학교,공립,자율고등학교,단설,20070510,1144012700,37.58134123,126.8833956,남녀공학,28.8,14.9,33,952,384,568,64,17.6
종로구,S010005494,서울국제고등학교,공립,특수목적고등학교,단설,20080507,1111017000,37.5913416,126.9937893,남녀공학,25,8.2,18,450,125,325,55,10.4
송파구,S010005498,문정고등학교,공립,일반고등학교,단설,20080422,1171010800,37.48517967,127.1266941,남녀공학,25.7,14,30,771,407,364,55,16.3
구로구,S010005500,세종과학고등학교,공립,특수목적고등학교,단설,20080415,1153010900,37.4971937,126.8253536,남녀공학,19.3,6.3,23,443,363,80,70,11.8
구로구,S010005501,구현고등학교,공립,자율고등학교,단설,20080301,1153010200,37.50228196,126.874417,남녀공학,27.3,13.9,27,737,323,414,53,16
강북구,S010005518,삼각산고등학교,공립,일반고등학교,단설,20110301,1130510100,37.61628709,127.0201069,남녀공학,23.1,9.8,28,647,329,318,66,14.8
구로구,S010005521,신도림고등학교,공립,일반고등학교,단설,20090301,1153010100,37.5137691,126.8822616,남녀공학,25.2,13.6,27,681,342,339,50,16.6
강동구,S010005522,강일고등학교,공립,일반고등학교,단설,20100404,1174011000,37.56382873,127.1779057,남녀공학,19.4,10.7,27,524,301,223,49,16.8
성동구,S010005523,성수고등학교,공립,일반고등학교,단설,20090301,1120011400,37.54734217,127.038253,남녀공학,18.9,9.8,27,510,180,330,52,16.2
송파구,S010005524,문현고등학교,공립,일반고등학교,단설,20100301,1171010900,37.481244,127.128992,남녀공학,26.5,14.3,27,715,351,364,50,17.5
은평구,S010005525,진관고등학교,공립,일반고등학교,단설,20090604,1138011400,37.643662,126.924272,남녀공학,24.1,12.1,32,772,401,371,64,17.2
관악구,S010005528,구암고등학교,공립,일반고등학교,단설,20120501,1162010100,37.492264,126.9475306,남녀공학,24.3,11.7,26,633,357,276,54,15.9
은평구,S010005530,신도고등학교,공립,일반고등학교,단설,20110301,1138011400,37.62913413,126.9187475,남녀공학,22.9,12.3,27,617,320,297,50,15.8
동대문구,S010005536,해성여자고등학교,사립,일반고등학교,단설,20080301,1123010400,37.580759,127.057155,녀,24.9,13.2,27,673,0,673,51,17.3
강북구,S010005541,미양고등학교,공립,자율고등학교,단설,20090610,1130510100,37.62402,127.012109,남녀공학,23.7,12.6,24,569,333,236,45,16
강동구,S010005563,선사고등학교,공립,일반고등학교,단설,20110501,1174010700,37.556548,127.135694,남녀공학,21.9,10.5,27,590,315,275,56,15.3
송파구,S010005566,잠일고등학교,공립,일반고등학교,단설,20120506,1171010100,37.51443,127.082425,남녀공학,16.6,8.1,24,399,212,187,49,14.1
동대문구,S010005573,휘봉고등학교,공립,일반고등학교,단설,20120501,1123010900,37.5865082,127.0689973,남녀공학,19.5,8.8,23,449,257,192,51,13.6
강서구,S010005582,수명고등학교,공립,일반고등학교,단설,20090504,1150010600,37.54975914,126.8247531,남녀공학,22,12.1,27,595,287,308,49,16
은평구,S010005583,은평고등학교,공립,일반고등학교,단설,20090301,1138010500,37.609211,126.906042,남녀공학,22.4,10.5,24,537,255,282,51,14.4
구로구,S010005584,서울공연예술고등학교,사립,특수목적고등학교,단설,19661002,1153010900,37.50008507,126.8321523,남녀공학,37.2,21.1,21,782,238,544,37,15.2
서대문구,S010005591,가재울고등학교,공립,일반고등학교,단설,20130501,1141011900,37.574297,126.909499,남녀공학,25.7,13.3,27,693,336,357,52,16.4
은평구,S010005616,하나고등학교,사립,자율고등학교,단설,20091031,1138011400,37.64163651,126.9369305,남녀공학,25.7,10.3,24,617,310,307,60,14
성동구,S010006381,금호고등학교,공립,일반고등학교,단설,20170522,1120010900,37.55325,127.02362,남녀공학,19.8,9.3,24,476,191,285,51,14.7
성동구,S010006382,도선고등학교,공립,일반고등학교,단설,20170524,1120010200,37.567131,127.026809,남녀공학,20,8.8,25,500,217,283,57,15
