학교명,학급수,학생수,학급당평균학생수,교원수,자치구,전입학생수,전출학생수,주거환경,경제환경,사회환경,교육환경,청소년유동인구,한부모_가구수,한부모_가구원수,저소득,중간,고소득
국립국악고등학교,15.0,442.0,29.466666666666665,47.0,강남구,0.0,5.0,6.44,5.38,6.27,5.84,45613.514389405755,973,"2,294",20.4,44.9,34.7
개포고등학교,30.0,643.0,21.433333333333334,72.0,강남구,10.0,11.0,6.44,5.38,6.27,5.84,45613.514389405755,973,"2,294",20.4,44.9,34.7
경기고등학교,45.0,1214.0,26.977777777777774,101.0,강남구,36.0,27.0,6.44,5.38,6.27,5.84,45613.514389405755,973,"2,294",20.4,44.9,34.7
경기여자고등학교,43.0,1141.0,26.53488372093023,98.0,강남구,21.0,18.0,6.44,5.38,6.27,5.84,45613.514389405755,973,"2,294",20.4,44.9,34.7
서울로봇고등학교,24.0,460.0,19.166666666666668,76.0,강남구,0.0,5.0,6.44,5.38,6.27,5.84,45613.514389405755,973,"2,294",20.4,44.9,34.7
압구정고등학교,30.0,629.0,20.966666666666665,70.0,강남구,42.0,28.0,6.44,5.38,6.27,5.84,45613.514389405755,973,"2,294",20.4,44.9,34.7
청담고등학교,33.0,603.0,18.272727272727277,78.0,강남구,26.0,17.0,6.44,5.38,6.27,5.84,45613.514389405755,973,"2,294",20.4,44.9,34.7
단국공업고등학교,15.0,236.0,15.733333333333333,37.0,강남구,,,6.44,5.38,6.27,5.84,45613.514389405755,973,"2,294",20.4,44.9,34.7
단국대학교사범대학부속고등학교,39.0,1103.0,28.28205128205128,78.0,강남구,36.0,16.0,6.44,5.38,6.27,5.84,45613.514389405755,973,"2,294",20.4,44.9,34.7
대진디자인고등학교,27.0,662.0,24.51851851851852,70.0,강남구,12.0,25.0,6.44,5.38,6.27,5.84,45613.514389405755,973,"2,294",20.4,44.9,34.7
서울세종고등학교,27.0,596.0,22.074074074074076,61.0,강남구,10.0,24.0,6.44,5.38,6.27,5.84,45613.514389405755,973,"2,294",20.4,44.9,34.7
수도전기공업고등학교,30.0,594.0,19.8,90.0,강남구,0.0,4.0,6.44,5.38,6.27,5.84,45613.514389405755,973,"2,294",20.4,44.9,34.7
숙명여자고등학교,43.0,1239.0,28.813953488372093,95.0,강남구,22.0,18.0,6.44,5.38,6.27,5.84,45613.514389405755,973,"2,294",20.4,44.9,34.7
영동고등학교,39.0,883.0,22.64102564102564,80.0,강남구,16.0,8.0,6.44,5.38,6.27,5.84,45613.514389405755,973,"2,294",20.4,44.9,34.7
은광여자고등학교,30.0,754.0,25.133333333333333,64.0,강남구,9.0,9.0,6.44,5.38,6.27,5.84,45613.514389405755,973,"2,294",20.4,44.9,34.7
중동고등학교,36.0,1164.0,32.333333333333336,76.0,강남구,32.0,26.0,6.44,5.38,6.27,5.84,45613.514389405755,973,"2,294",20.4,44.9,34.7
중산고등학교,36.0,880.0,24.444444444444443,76.0,강남구,14.0,21.0,6.44,5.38,6.27,5.84,45613.514389405755,973,"2,294",20.4,44.9,34.7
중앙대학교사범대학부속고등학교,36.0,1008.0,28.0,79.0,강남구,36.0,28.0,6.44,5.38,6.27,5.84,45613.514389405755,973,"2,294",20.4,44.9,34.7
진선여자고등학교,33.0,979.0,29.666666666666668,71.0,강남구,20.0,13.0,6.44,5.38,6.27,5.84,45613.514389405755,973,"2,294",20.4,44.9,34.7
풍문고등학교,36.0,820.0,22.77777777777778,74.0,강남구,1.0,0.0,6.44,5.38,6.27,5.84,45613.514389405755,973,"2,294",20.4,44.9,34.7
현대고등학교,36.0,1145.0,31.80555555555556,76.0,강남구,53.0,30.0,6.44,5.38,6.27,5.84,45613.514389405755,973,"2,294",20.4,44.9,34.7
휘문고등학교,42.0,1319.0,31.404761904761905,78.0,강남구,11.0,0.0,6.44,5.38,6.27,5.84,45613.514389405755,973,"2,294",20.4,44.9,34.7
국립전통예술고등학교,18.0,525.0,29.166666666666668,44.0,금천구,0.0,7.0,6.32,5.15,5.83,5.67,7252.989536055886,"1,265","2,874",20.8,61.0,18.2
금천고등학교,33.0,748.0,22.666666666666668,77.0,금천구,22.0,16.0,6.32,5.15,5.83,5.67,7252.989536055886,"1,265","2,874",20.8,61.0,18.2
독산고등학교,27.0,603.0,22.33333333333333,64.0,금천구,18.0,4.0,6.32,5.15,5.83,5.67,7252.989536055886,"1,265","2,874",20.8,61.0,18.2
동일여자고등학교,32.0,664.0,20.75,74.0,금천구,11.0,18.0,6.32,5.15,5.83,5.67,7252.989536055886,"1,265","2,874",20.8,61.0,18.2
동일여자상업고등학교,36.0,810.0,22.5,78.0,금천구,8.0,36.0,6.32,5.15,5.83,5.67,7252.989536055886,"1,265","2,874",20.8,61.0,18.2
문일고등학교,36.0,942.0,26.166666666666668,76.0,금천구,17.0,6.0,6.32,5.15,5.83,5.67,7252.989536055886,"1,265","2,874",20.8,61.0,18.2
서울대학교사범대학부설고등학교,27.0,763.0,28.25925925925926,71.0,성북구,16.0,8.0,6.45,5.23,6.06,5.6,26439.558921354263,"1,433","3,348",11.8,49.3,38.8
경동고등학교,26.0,515.0,19.807692307692307,61.0,성북구,20.0,17.0,6.45,5.23,6.06,5.6,26439.558921354263,"1,433","3,348",11.8,49.3,38.8
서울도시과학기술고등학교,21.0,404.0,19.23809523809524,66.0,성북구,0.0,6.0,6.45,5.23,6.06,5.6,26439.558921354263,"1,433","3,348",11.8,49.3,38.8
석관고등학교,27.0,717.0,26.55555555555556,68.0,성북구,22.0,11.0,6.45,5.23,6.06,5.6,26439.558921354263,"1,433","3,348",11.8,49.3,38.8
계성고등학교,33.0,921.0,27.90909090909091,73.0,성북구,31.0,27.0,6.45,5.23,6.06,5.6,26439.558921354263,"1,433","3,348",11.8,49.3,38.8
고려대학교사범대학부속고등학교,27.0,774.0,28.666666666666668,64.0,성북구,20.0,12.0,6.45,5.23,6.06,5.6,26439.558921354263,"1,433","3,348",11.8,49.3,38.8
고명경영고등학교,18.0,323.0,17.944444444444443,41.0,성북구,,,6.45,5.23,6.06,5.6,26439.558921354263,"1,433","3,348",11.8,49.3,38.8
대일외국어고등학교,30.0,751.0,25.03333333333333,63.0,성북구,2.0,7.0,6.45,5.23,6.06,5.6,26439.558921354263,"1,433","3,348",11.8,49.3,38.8
동구마케팅고등학교,30.0,703.0,23.433333333333334,66.0,성북구,1.0,12.0,6.45,5.23,6.06,5.6,26439.558921354263,"1,433","3,348",11.8,49.3,38.8
성신여자고등학교,30.0,815.0,27.166666666666668,63.0,성북구,12.0,14.0,6.45,5.23,6.06,5.6,26439.558921354263,"1,433","3,348",11.8,49.3,38.8
용문고등학교,33.0,958.0,29.03030303030303,72.0,성북구,80.0,32.0,6.45,5.23,6.06,5.6,26439.558921354263,"1,433","3,348",11.8,49.3,38.8
한성여자고등학교,27.0,757.0,28.03703703703704,64.0,성북구,18.0,22.0,6.45,5.23,6.06,5.6,26439.558921354263,"1,433","3,348",11.8,49.3,38.8
홍익대학교사범대학부속고등학교,19.0,331.0,17.42105263157895,44.0,성북구,4.0,8.0,6.45,5.23,6.06,5.6,26439.558921354263,"1,433","3,348",11.8,49.3,38.8
가락고등학교,33.0,832.0,25.21212121212121,77.0,송파구,23.0,12.0,6.48,5.39,6.07,5.87,38195.56771020363,"1,663","3,980",16.8,61.9,21.3
문정고등학교,30.0,771.0,25.7,64.0,송파구,27.0,21.0,6.48,5.39,6.07,5.87,38195.56771020363,"1,663","3,980",16.8,61.9,21.3
문현고등학교,27.0,715.0,26.48148148148148,61.0,송파구,29.0,5.0,6.48,5.39,6.07,5.87,38195.56771020363,"1,663","3,980",16.8,61.9,21.3
방산고등학교,36.0,862.0,23.944444444444443,80.0,송파구,17.0,24.0,6.48,5.39,6.07,5.87,38195.56771020363,"1,663","3,980",16.8,61.9,21.3
서울체육고등학교,12.0,408.0,34.0,45.0,송파구,13.0,15.0,6.48,5.39,6.07,5.87,38195.56771020363,"1,663","3,980",16.8,61.9,21.3
송파공업고등학교,27.0,557.0,20.62962962962963,74.0,송파구,10.0,24.0,6.48,5.39,6.07,5.87,38195.56771020363,"1,663","3,980",16.8,61.9,21.3
오금고등학교,33.0,976.0,29.57575757575757,77.0,송파구,22.0,3.0,6.48,5.39,6.07,5.87,38195.56771020363,"1,663","3,980",16.8,61.9,21.3
잠신고등학교,36.0,734.0,20.38888888888889,83.0,송파구,31.0,21.0,6.48,5.39,6.07,5.87,38195.56771020363,"1,663","3,980",16.8,61.9,21.3
잠실고등학교,30.0,641.0,21.366666666666667,70.0,송파구,8.0,11.0,6.48,5.39,6.07,5.87,38195.56771020363,"1,663","3,980",16.8,61.9,21.3
잠일고등학교,24.0,399.0,16.625,55.0,송파구,19.0,24.0,6.48,5.39,6.07,5.87,38195.56771020363,"1,663","3,980",16.8,61.9,21.3
창덕여자고등학교,36.0,540.0,15.0,85.0,송파구,8.0,12.0,6.48,5.39,6.07,5.87,38195.56771020363,"1,663","3,980",16.8,61.9,21.3
배명고등학교,33.0,893.0,27.060606060606062,72.0,송파구,28.0,38.0,6.48,5.39,6.07,5.87,38195.56771020363,"1,663","3,980",16.8,61.9,21.3
보성고등학교,33.0,977.0,29.60606060606061,72.0,송파구,21.0,12.0,6.48,5.39,6.07,5.87,38195.56771020363,"1,663","3,980",16.8,61.9,21.3
보인고등학교,36.0,1116.0,31.0,73.0,송파구,19.0,51.0,6.48,5.39,6.07,5.87,38195.56771020363,"1,663","3,980",16.8,61.9,21.3
영동일고등학교,36.0,1033.0,28.694444444444443,79.0,송파구,28.0,13.0,6.48,5.39,6.07,5.87,38195.56771020363,"1,663","3,980",16.8,61.9,21.3
영파여자고등학교,38.0,891.0,23.44736842105263,78.0,송파구,5.0,0.0,6.48,5.39,6.07,5.87,38195.56771020363,"1,663","3,980",16.8,61.9,21.3
일신여자상업고등학교,43.0,999.0,23.232558139534884,91.0,송파구,11.0,13.0,6.48,5.39,6.07,5.87,38195.56771020363,"1,663","3,980",16.8,61.9,21.3
잠실여자고등학교,39.0,938.0,24.05128205128205,79.0,송파구,12.0,38.0,6.48,5.39,6.07,5.87,38195.56771020363,"1,663","3,980",16.8,61.9,21.3
정신여자고등학교,36.0,1079.0,29.97222222222222,79.0,송파구,14.0,10.0,6.48,5.39,6.07,5.87,38195.56771020363,"1,663","3,980",16.8,61.9,21.3
가재울고등학교,27.0,693.0,25.666666666666668,65.0,서대문구,28.0,19.0,6.21,5.56,5.94,5.7,20204.906997750895,"1,036","2,411",32.8,46.9,20.2
한성과학고등학교,20.0,379.0,18.95,72.0,서대문구,0.0,3.0,6.21,5.56,5.94,5.7,20204.906997750895,"1,036","2,411",32.8,46.9,20.2
명지고등학교,48.0,1435.0,29.89583333333333,101.0,서대문구,42.0,19.0,6.21,5.56,5.94,5.7,20204.906997750895,"1,036","2,411",32.8,46.9,20.2
이화여자대학교사범대학부속이화금란고등학교,36.0,1132.0,31.444444444444443,81.0,서대문구,65.0,62.0,6.21,5.56,5.94,5.7,20204.906997750895,"1,036","2,411",32.8,46.9,20.2
인창고등학교,24.0,657.0,27.375,55.0,서대문구,23.0,30.0,6.21,5.56,5.94,5.7,20204.906997750895,"1,036","2,411",32.8,46.9,20.2
중앙여자고등학교,23.0,561.0,24.39130434782609,56.0,서대문구,21.0,12.0,6.21,5.56,5.94,5.7,20204.906997750895,"1,036","2,411",32.8,46.9,20.2
한성고등학교,26.0,572.0,22.0,55.0,서대문구,30.0,8.0,6.21,5.56,5.94,5.7,20204.906997750895,"1,036","2,411",32.8,46.9,20.2
강서공업고등학교,24.0,586.0,24.416666666666668,65.0,강서구,5.0,14.0,6.37,5.13,6.11,5.64,24738.508164121697,"2,198","5,166",20.1,62.7,17.2
공항고등학교,25.0,533.0,21.32,64.0,강서구,24.0,8.0,6.37,5.13,6.11,5.64,24738.508164121697,"2,198","5,166",20.1,62.7,17.2
등촌고등학교,30.0,615.0,20.5,66.0,강서구,22.0,7.0,6.37,5.13,6.11,5.64,24738.508164121697,"2,198","5,166",20.1,62.7,17.2
세현고등학교,27.0,603.0,22.33333333333333,60.0,강서구,21.0,23.0,6.37,5.13,6.11,5.64,24738.508164121697,"2,198","5,166",20.1,62.7,17.2
수명고등학교,27.0,595.0,22.03703703703704,61.0,강서구,19.0,15.0,6.37,5.13,6.11,5.64,24738.508164121697,"2,198","5,166",20.1,62.7,17.2
경복비즈니스고등학교,27.0,649.0,24.03703703703704,61.0,강서구,6.0,12.0,6.37,5.13,6.11,5.64,24738.508164121697,"2,198","5,166",20.1,62.7,17.2
경복여자고등학교,24.0,718.0,29.916666666666668,52.0,강서구,6.0,13.0,6.37,5.13,6.11,5.64,24738.508164121697,"2,198","5,166",20.1,62.7,17.2
대일고등학교,42.0,1115.0,26.547619047619047,84.0,강서구,10.0,18.0,6.37,5.13,6.11,5.64,24738.508164121697,"2,198","5,166",20.1,62.7,17.2
덕원여자고등학교,42.0,1187.0,28.261904761904763,87.0,강서구,12.0,19.0,6.37,5.13,6.11,5.64,24738.508164121697,"2,198","5,166",20.1,62.7,17.2
덕원예술고등학교,15.0,591.0,39.4,34.0,강서구,22.0,12.0,6.37,5.13,6.11,5.64,24738.508164121697,"2,198","5,166",20.1,62.7,17.2
동양고등학교,23.0,483.0,21.0,50.0,강서구,5.0,6.0,6.37,5.13,6.11,5.64,24738.508164121697,"2,198","5,166",20.1,62.7,17.2
마포고등학교,30.0,904.0,30.133333333333333,65.0,강서구,10.0,10.0,6.37,5.13,6.11,5.64,24738.508164121697,"2,198","5,166",20.1,62.7,17.2
명덕고등학교,33.0,828.0,25.09090909090909,68.0,강서구,9.0,8.0,6.37,5.13,6.11,5.64,24738.508164121697,"2,198","5,166",20.1,62.7,17.2
명덕여자고등학교,42.0,1196.0,28.476190476190474,86.0,강서구,13.0,18.0,6.37,5.13,6.11,5.64,24738.508164121697,"2,198","5,166",20.1,62.7,17.2
명덕외국어고등학교,30.0,730.0,24.33333333333333,66.0,강서구,7.0,7.0,6.37,5.13,6.11,5.64,24738.508164121697,"2,198","5,166",20.1,62.7,17.2
서울항공비즈니스고등학교,28.0,596.0,21.285714285714285,61.0,강서구,14.0,33.0,6.37,5.13,6.11,5.64,24738.508164121697,"2,198","5,166",20.1,62.7,17.2
신정여자상업고등학교,26.0,492.0,18.923076923076923,57.0,강서구,,,6.37,5.13,6.11,5.64,24738.508164121697,"2,198","5,166",20.1,62.7,17.2
영등포공업고등학교,19.0,400.0,21.05263157894737,49.0,강서구,6.0,45.0,6.37,5.13,6.11,5.64,24738.508164121697,"2,198","5,166",20.1,62.7,17.2
영일고등학교,36.0,983.0,27.30555555555556,77.0,강서구,14.0,21.0,6.37,5.13,6.11,5.64,24738.508164121697,"2,198","5,166",20.1,62.7,17.2
한광고등학교,13.0,220.0,16.923076923076923,29.0,강서구,72.0,18.0,6.37,5.13,6.11,5.64,24738.508164121697,"2,198","5,166",20.1,62.7,17.2
한서고등학교,27.0,668.0,24.74074074074074,60.0,강서구,3.0,0.0,6.37,5.13,6.11,5.64,24738.508164121697,"2,198","5,166",20.1,62.7,17.2
화곡고등학교,30.0,838.0,27.933333333333334,63.0,강서구,12.0,9.0,6.37,5.13,6.11,5.64,24738.508164121697,"2,198","5,166",20.1,62.7,17.2
화곡보건경영고등학교,24.0,486.0,20.25,51.0,강서구,13.0,20.0,6.37,5.13,6.11,5.64,24738.508164121697,"2,198","5,166",20.1,62.7,17.2
강일고등학교,27.0,524.0,19.40740740740741,56.0,강동구,12.0,8.0,6.57,5.74,6.23,5.97,25204.45269189159,"1,260","2,988",27.6,52.6,19.8
둔촌고등학교,33.0,733.0,22.21212121212121,73.0,강동구,20.0,15.0,6.57,5.74,6.23,5.97,25204.45269189159,"1,260","2,988",27.6,52.6,19.8
명일여자고등학교,30.0,542.0,18.066666666666663,64.0,강동구,10.0,10.0,6.57,5.74,6.23,5.97,25204.45269189159,"1,260","2,988",27.6,52.6,19.8
선사고등학교,27.0,590.0,21.85185185185185,65.0,강동구,18.0,15.0,6.57,5.74,6.23,5.97,25204.45269189159,"1,260","2,988",27.6,52.6,19.8
강동고등학교,24.0,614.0,25.58333333333333,56.0,강동구,11.0,8.0,6.57,5.74,6.23,5.97,25204.45269189159,"1,260","2,988",27.6,52.6,19.8
광문고등학교,39.0,1068.0,27.384615384615383,82.0,강동구,18.0,14.0,6.57,5.74,6.23,5.97,25204.45269189159,"1,260","2,988",27.6,52.6,19.8
동북고등학교,43.0,1120.0,26.046511627906977,93.0,강동구,36.0,32.0,6.57,5.74,6.23,5.97,25204.45269189159,"1,260","2,988",27.6,52.6,19.8
배재고등학교,39.0,1307.0,33.51282051282051,82.0,강동구,28.0,40.0,6.57,5.74,6.23,5.97,25204.45269189159,"1,260","2,988",27.6,52.6,19.8
상일미디어고등학교,32.0,814.0,25.4375,72.0,강동구,5.0,9.0,6.57,5.74,6.23,5.97,25204.45269189159,"1,260","2,988",27.6,52.6,19.8
상일여자고등학교,36.0,587.0,16.305555555555557,75.0,강동구,4.0,12.0,6.57,5.74,6.23,5.97,25204.45269189159,"1,260","2,988",27.6,52.6,19.8
서울컨벤션고등학교,30.0,757.0,25.23333333333333,66.0,강동구,15.0,11.0,6.57,5.74,6.23,5.97,25204.45269189159,"1,260","2,988",27.6,52.6,19.8
성덕고등학교,24.0,704.0,29.33333333333333,57.0,강동구,10.0,4.0,6.57,5.74,6.23,5.97,25204.45269189159,"1,260","2,988",27.6,52.6,19.8
한영고등학교,42.0,1234.0,29.38095238095238,89.0,강동구,29.0,11.0,6.57,5.74,6.23,5.97,25204.45269189159,"1,260","2,988",27.6,52.6,19.8
한영외국어고등학교,30.0,662.0,22.066666666666663,64.0,강동구,0.0,0.0,6.57,5.74,6.23,5.97,25204.45269189159,"1,260","2,988",27.6,52.6,19.8
경기기계공업고등학교,54.0,1174.0,21.74074074074074,146.0,노원구,14.0,19.0,6.41,5.35,6.0,5.64,37996.19855950517,"2,629","6,003",35.8,45.7,18.5
노원고등학교,27.0,588.0,21.77777777777778,62.0,노원구,18.0,15.0,6.41,5.35,6.0,5.64,37996.19855950517,"2,629","6,003",35.8,45.7,18.5
불암고등학교,36.0,902.0,25.05555555555556,76.0,노원구,27.0,12.0,6.41,5.35,6.0,5.64,37996.19855950517,"2,629","6,003",35.8,45.7,18.5
상계고등학교,34.0,860.0,25.294117647058822,78.0,노원구,19.0,9.0,6.41,5.35,6.0,5.64,37996.19855950517,"2,629","6,003",35.8,45.7,18.5
수락고등학교,28.0,608.0,21.714285714285715,63.0,노원구,4.0,5.0,6.41,5.35,6.0,5.64,37996.19855950517,"2,629","6,003",35.8,45.7,18.5
월계고등학교,30.0,596.0,19.866666666666667,66.0,노원구,24.0,11.0,6.41,5.35,6.0,5.64,37996.19855950517,"2,629","6,003",35.8,45.7,18.5
광운전자공업고등학교,30.0,710.0,23.666666666666668,77.0,노원구,21.0,26.0,6.41,5.35,6.0,5.64,37996.19855950517,"2,629","6,003",35.8,45.7,18.5
대진고등학교,39.0,1099.0,28.17948717948718,84.0,노원구,12.0,22.0,6.41,5.35,6.0,5.64,37996.19855950517,"2,629","6,003",35.8,45.7,18.5
대진여자고등학교,39.0,1049.0,26.897435897435894,86.0,노원구,11.0,16.0,6.41,5.35,6.0,5.64,37996.19855950517,"2,629","6,003",35.8,45.7,18.5
동산정보산업고등학교,44.0,992.0,22.545454545454547,102.0,노원구,,,6.41,5.35,6.0,5.64,37996.19855950517,"2,629","6,003",35.8,45.7,18.5
미래산업과학고등학교,24.0,591.0,24.625,65.0,노원구,1.0,17.0,6.41,5.35,6.0,5.64,37996.19855950517,"2,629","6,003",35.8,45.7,18.5
상명고등학교,33.0,896.0,27.151515151515152,72.0,노원구,19.0,14.0,6.41,5.35,6.0,5.64,37996.19855950517,"2,629","6,003",35.8,45.7,18.5
서라벌고등학교,43.0,1221.0,28.3953488372093,87.0,노원구,15.0,11.0,6.41,5.35,6.0,5.64,37996.19855950517,"2,629","6,003",35.8,45.7,18.5
서울아이티고등학교,30.0,718.0,23.933333333333334,75.0,노원구,18.0,32.0,6.41,5.35,6.0,5.64,37996.19855950517,"2,629","6,003",35.8,45.7,18.5
염광고등학교,30.0,782.0,26.066666666666663,63.0,노원구,15.0,12.0,6.41,5.35,6.0,5.64,37996.19855950517,"2,629","6,003",35.8,45.7,18.5
염광여자메디텍고등학교,23.0,508.0,22.08695652173913,56.0,노원구,7.0,6.0,6.41,5.35,6.0,5.64,37996.19855950517,"2,629","6,003",35.8,45.7,18.5
영신간호비즈니스고등학교,27.0,597.0,22.11111111111111,64.0,노원구,9.0,15.0,6.41,5.35,6.0,5.64,37996.19855950517,"2,629","6,003",35.8,45.7,18.5
영신여자고등학교,39.0,880.0,22.56410256410257,90.0,노원구,14.0,22.0,6.41,5.35,6.0,5.64,37996.19855950517,"2,629","6,003",35.8,45.7,18.5
용화여자고등학교,39.0,916.0,23.487179487179485,83.0,노원구,11.0,32.0,6.41,5.35,6.0,5.64,37996.19855950517,"2,629","6,003",35.8,45.7,18.5
인덕공업고등학교,30.0,708.0,23.6,77.0,노원구,,,6.41,5.35,6.0,5.64,37996.19855950517,"2,629","6,003",35.8,45.7,18.5
재현고등학교,36.0,1022.0,28.38888888888889,79.0,노원구,17.0,22.0,6.41,5.35,6.0,5.64,37996.19855950517,"2,629","6,003",35.8,45.7,18.5
청원고등학교,45.0,1296.0,28.8,95.0,노원구,34.0,18.0,6.41,5.35,6.0,5.64,37996.19855950517,"2,629","6,003",35.8,45.7,18.5
청원여자고등학교,39.0,1064.0,27.28205128205128,87.0,노원구,25.0,11.0,6.41,5.35,6.0,5.64,37996.19855950517,"2,629","6,003",35.8,45.7,18.5
한국삼육고등학교,18.0,494.0,27.444444444444443,42.0,노원구,8.0,6.0,6.41,5.35,6.0,5.64,37996.19855950517,"2,629","6,003",35.8,45.7,18.5
혜성여자고등학교,36.0,1042.0,28.944444444444443,82.0,노원구,22.0,9.0,6.41,5.35,6.0,5.64,37996.19855950517,"2,629","6,003",35.8,45.7,18.5
경기상업고등학교,20.0,319.0,15.95,49.0,종로구,26.0,20.0,6.1,5.19,5.76,5.67,14461.928681640627,367,855,8.3,38.2,53.5
경복고등학교,36.0,834.0,23.166666666666668,84.0,종로구,27.0,23.0,6.1,5.19,5.76,5.67,14461.928681640627,367,855,8.3,38.2,53.5
서울과학고등학교,24.0,376.0,15.666666666666666,87.0,종로구,0.0,4.0,6.1,5.19,5.76,5.67,14461.928681640627,367,855,8.3,38.2,53.5
서울국제고등학교,18.0,450.0,25.0,66.0,종로구,0.0,2.0,6.1,5.19,5.76,5.67,14461.928681640627,367,855,8.3,38.2,53.5
경신고등학교,27.0,645.0,23.88888888888889,60.0,종로구,28.0,34.0,6.1,5.19,5.76,5.67,14461.928681640627,367,855,8.3,38.2,53.5
대동세무고등학교,30.0,772.0,25.73333333333333,69.0,종로구,12.0,16.0,6.1,5.19,5.76,5.67,14461.928681640627,367,855,8.3,38.2,53.5
대신고등학교,27.0,673.0,24.925925925925927,62.0,종로구,19.0,23.0,6.1,5.19,5.76,5.67,14461.928681640627,367,855,8.3,38.2,53.5
덕성여자고등학교,27.0,690.0,25.55555555555556,62.0,종로구,10.0,21.0,6.1,5.19,5.76,5.67,14461.928681640627,367,855,8.3,38.2,53.5
동성고등학교,31.0,857.0,27.64516129032258,75.0,종로구,40.0,67.0,6.1,5.19,5.76,5.67,14461.928681640627,367,855,8.3,38.2,53.5
배화여자고등학교,27.0,670.0,24.814814814814813,63.0,종로구,6.0,13.0,6.1,5.19,5.76,5.67,14461.928681640627,367,855,8.3,38.2,53.5
상명대학교사범대학부속여자고등학교,22.0,428.0,19.454545454545453,50.0,종로구,12.0,19.0,6.1,5.19,5.76,5.67,14461.928681640627,367,855,8.3,38.2,53.5
서울예술고등학교,30.0,1090.0,36.333333333333336,49.0,종로구,37.0,2.0,6.1,5.19,5.76,5.67,14461.928681640627,367,855,8.3,38.2,53.5
서일국제경영고등학교,15.0,267.0,17.8,33.0,종로구,,,6.1,5.19,5.76,5.67,14461.928681640627,367,855,8.3,38.2,53.5
중앙고등학교,30.0,975.0,32.5,71.0,종로구,30.0,38.0,6.1,5.19,5.76,5.67,14461.928681640627,367,855,8.3,38.2,53.5
경인고등학교,42.0,1174.0,27.952380952380956,95.0,구로구,17.0,17.0,6.59,5.54,5.93,5.72,16355.776601065303,"1,308","2,921",22.4,51.1,26.5
고척고등학교,30.0,815.0,27.166666666666668,67.0,구로구,13.0,6.0,6.59,5.54,5.93,5.72,16355.776601065303,"1,308","2,921",22.4,51.1,26.5
구로고등학교,33.0,884.0,26.78787878787879,79.0,구로구,28.0,10.0,6.59,5.54,5.93,5.72,16355.776601065303,"1,308","2,921",22.4,51.1,26.5
구일고등학교,30.0,796.0,26.53333333333333,67.0,구로구,16.0,9.0,6.59,5.54,5.93,5.72,16355.776601065303,"1,308","2,921",22.4,51.1,26.5
구현고등학교,27.0,737.0,27.296296296296298,65.0,구로구,10.0,15.0,6.59,5.54,5.93,5.72,16355.776601065303,"1,308","2,921",22.4,51.1,26.5
세종과학고등학교,23.0,443.0,19.26086956521739,81.0,구로구,0.0,4.0,6.59,5.54,5.93,5.72,16355.776601065303,"1,308","2,921",22.4,51.1,26.5
신도림고등학교,27.0,681.0,25.22222222222222,61.0,구로구,23.0,14.0,6.59,5.54,5.93,5.72,16355.776601065303,"1,308","2,921",22.4,51.1,26.5
덕일전자공업고등학교,12.0,278.0,23.166666666666668,27.0,구로구,16.0,2.0,6.59,5.54,5.93,5.72,16355.776601065303,"1,308","2,921",22.4,51.1,26.5
서서울생활과학고등학교,39.0,934.0,23.94871794871795,81.0,구로구,7.0,25.0,6.59,5.54,5.93,5.72,16355.776601065303,"1,308","2,921",22.4,51.1,26.5
서울공연예술고등학교,21.0,782.0,37.23809523809524,38.0,구로구,34.0,29.0,6.59,5.54,5.93,5.72,16355.776601065303,"1,308","2,921",22.4,51.1,26.5
예림디자인고등학교,18.0,369.0,20.5,38.0,구로구,28.0,7.0,6.59,5.54,5.93,5.72,16355.776601065303,"1,308","2,921",22.4,51.1,26.5
오류고등학교,24.0,399.0,16.625,50.0,구로구,9.0,15.0,6.59,5.54,5.93,5.72,16355.776601065303,"1,308","2,921",22.4,51.1,26.5
우신고등학교,27.0,738.0,27.33333333333333,57.0,구로구,22.0,1.0,6.59,5.54,5.93,5.72,16355.776601065303,"1,308","2,921",22.4,51.1,26.5
유한공업고등학교,24.0,604.0,25.166666666666668,64.0,구로구,3.0,8.0,6.59,5.54,5.93,5.72,16355.776601065303,"1,308","2,921",22.4,51.1,26.5
경일고등학교,22.0,372.0,16.90909090909091,48.0,성동구,7.0,6.0,6.3,5.09,5.95,5.63,15168.224142897683,804,"1,843",19.6,47.1,33.3
금호고등학교,24.0,476.0,19.83333333333333,57.0,성동구,20.0,7.0,6.3,5.09,5.95,5.63,15168.224142897683,804,"1,843",19.6,47.1,33.3
덕수고등학교,35.0,665.0,19.0,84.0,성동구,8.0,49.0,6.3,5.09,5.95,5.63,15168.224142897683,804,"1,843",19.6,47.1,33.3
도선고등학교,25.0,500.0,20.0,58.0,성동구,8.0,5.0,6.3,5.09,5.95,5.63,15168.224142897683,804,"1,843",19.6,47.1,33.3
무학여자고등학교,33.0,698.0,21.151515151515152,73.0,성동구,20.0,7.0,6.3,5.09,5.95,5.63,15168.224142897683,804,"1,843",19.6,47.1,33.3
서울방송고등학교,21.0,524.0,24.952380952380956,66.0,성동구,8.0,11.0,6.3,5.09,5.95,5.63,15168.224142897683,804,"1,843",19.6,47.1,33.3
성수고등학교,27.0,510.0,18.88888888888889,62.0,성동구,19.0,8.0,6.3,5.09,5.95,5.63,15168.224142897683,804,"1,843",19.6,47.1,33.3
성수공업고등학교,23.0,372.0,16.17391304347826,62.0,성동구,9.0,23.0,6.3,5.09,5.95,5.63,15168.224142897683,804,"1,843",19.6,47.1,33.3
한양대학교사범대학부속고등학교,35.0,1129.0,32.25714285714286,79.0,성동구,47.0,55.0,6.3,5.09,5.95,5.63,15168.224142897683,804,"1,843",19.6,47.1,33.3
관악고등학교,30.0,692.0,23.066666666666663,64.0,영등포구,19.0,9.0,6.38,5.5,6.14,5.98,16119.176432481092,645,"1,468",20.3,39.2,40.5
대영고등학교,27.0,697.0,25.814814814814813,67.0,영등포구,17.0,9.0,6.38,5.5,6.14,5.98,16119.176432481092,645,"1,468",20.3,39.2,40.5
선유고등학교,27.0,591.0,21.88888888888889,68.0,영등포구,20.0,17.0,6.38,5.5,6.14,5.98,16119.176432481092,645,"1,468",20.3,39.2,40.5
여의도고등학교,33.0,790.0,23.939393939393938,75.0,영등포구,27.0,24.0,6.38,5.5,6.14,5.98,16119.176432481092,645,"1,468",20.3,39.2,40.5
여의도여자고등학교,28.0,685.0,24.464285714285715,68.0,영등포구,23.0,9.0,6.38,5.5,6.14,5.98,16119.176432481092,645,"1,468",20.3,39.2,40.5
영등포여자고등학교,27.0,510.0,18.88888888888889,64.0,영등포구,11.0,12.0,6.38,5.5,6.14,5.98,16119.176432481092,645,"1,468",20.3,39.2,40.5
영신고등학교,30.0,642.0,21.4,71.0,영등포구,30.0,9.0,6.38,5.5,6.14,5.98,16119.176432481092,645,"1,468",20.3,39.2,40.5
한강미디어고등학교,24.0,605.0,25.20833333333333,68.0,영등포구,1.0,9.0,6.38,5.5,6.14,5.98,16119.176432481092,645,"1,468",20.3,39.2,40.5
장훈고등학교,34.0,933.0,27.44117647058824,57.0,영등포구,26.0,70.0,6.38,5.5,6.14,5.98,16119.176432481092,645,"1,468",20.3,39.2,40.5
광남고등학교,43.0,1132.0,26.32558139534884,101.0,광진구,33.0,23.0,6.03,5.09,5.94,5.7,20683.04380058004,"1,191","2,818",23.9,53.1,23.0
광양고등학교,27.0,540.0,20.0,56.0,광진구,13.0,11.0,6.03,5.09,5.94,5.7,20683.04380058004,"1,191","2,818",23.9,53.1,23.0
자양고등학교,36.0,834.0,23.166666666666668,79.0,광진구,18.0,10.0,6.03,5.09,5.94,5.7,20683.04380058004,"1,191","2,818",23.9,53.1,23.0
건국대학교사범대학부속고등학교,36.0,1074.0,29.83333333333333,79.0,광진구,32.0,16.0,6.03,5.09,5.94,5.7,20683.04380058004,"1,191","2,818",23.9,53.1,23.0
대원고등학교,30.0,814.0,27.133333333333333,61.0,광진구,7.0,6.0,6.03,5.09,5.94,5.7,20683.04380058004,"1,191","2,818",23.9,53.1,23.0
대원여자고등학교,28.0,709.0,25.321428571428573,59.0,광진구,18.0,26.0,6.03,5.09,5.94,5.7,20683.04380058004,"1,191","2,818",23.9,53.1,23.0
대원외국어고등학교,30.0,775.0,25.83333333333333,58.0,광진구,4.0,4.0,6.03,5.09,5.94,5.7,20683.04380058004,"1,191","2,818",23.9,53.1,23.0
동국대학교사범대학부속여자고등학교,30.0,671.0,22.366666666666667,67.0,광진구,9.0,7.0,6.03,5.09,5.94,5.7,20683.04380058004,"1,191","2,818",23.9,53.1,23.0
선화예술고등학교,27.0,1092.0,40.44444444444444,46.0,광진구,13.0,6.0,6.03,5.09,5.94,5.7,20683.04380058004,"1,191","2,818",23.9,53.1,23.0
구암고등학교,26.0,633.0,24.346153846153847,57.0,관악구,23.0,11.0,6.16,5.24,5.81,5.63,21051.774414488573,"1,475","3,404",22.0,58.0,20.0
당곡고등학교,29.0,774.0,26.689655172413797,67.0,관악구,30.0,13.0,6.16,5.24,5.81,5.63,21051.774414488573,"1,475","3,404",22.0,58.0,20.0
삼성고등학교,23.0,446.0,19.39130434782609,52.0,관악구,19.0,16.0,6.16,5.24,5.81,5.63,21051.774414488573,"1,475","3,404",22.0,58.0,20.0
신림고등학교,24.0,541.0,22.541666666666668,55.0,관악구,18.0,9.0,6.16,5.24,5.81,5.63,21051.774414488573,"1,475","3,404",22.0,58.0,20.0
인헌고등학교,24.0,536.0,22.33333333333333,57.0,관악구,28.0,18.0,6.16,5.24,5.81,5.63,21051.774414488573,"1,475","3,404",22.0,58.0,20.0
광신고등학교,27.0,592.0,21.925925925925927,58.0,관악구,13.0,11.0,6.16,5.24,5.81,5.63,21051.774414488573,"1,475","3,404",22.0,58.0,20.0
광신정보산업고등학교,16.0,299.0,18.6875,36.0,관악구,,,6.16,5.24,5.81,5.63,21051.774414488573,"1,475","3,404",22.0,58.0,20.0
남강고등학교,32.0,744.0,23.25,68.0,관악구,24.0,16.0,6.16,5.24,5.81,5.63,21051.774414488573,"1,475","3,404",22.0,58.0,20.0
미림여자고등학교,24.0,519.0,21.625,61.0,관악구,10.0,10.0,6.16,5.24,5.81,5.63,21051.774414488573,"1,475","3,404",22.0,58.0,20.0
미림여자정보과학고등학교,18.0,337.0,18.72222222222222,47.0,관악구,0.0,9.0,6.16,5.24,5.81,5.63,21051.774414488573,"1,475","3,404",22.0,58.0,20.0
서울관광고등학교,29.0,719.0,24.79310344827586,63.0,관악구,9.0,21.0,6.16,5.24,5.81,5.63,21051.774414488573,"1,475","3,404",22.0,58.0,20.0
서울문영여자고등학교,27.0,642.0,23.77777777777778,59.0,관악구,4.0,35.0,6.16,5.24,5.81,5.63,21051.774414488573,"1,475","3,404",22.0,58.0,20.0
서울미술고등학교,15.0,591.0,39.4,32.0,관악구,17.0,17.0,6.16,5.24,5.81,5.63,21051.774414488573,"1,475","3,404",22.0,58.0,20.0
서울여자상업고등학교,30.0,762.0,25.4,66.0,관악구,0.0,13.0,6.16,5.24,5.81,5.63,21051.774414488573,"1,475","3,404",22.0,58.0,20.0
성보고등학교,27.0,734.0,27.185185185185187,58.0,관악구,13.0,7.0,6.16,5.24,5.81,5.63,21051.774414488573,"1,475","3,404",22.0,58.0,20.0
영락고등학교,21.0,451.0,21.476190476190474,53.0,관악구,17.0,12.0,6.16,5.24,5.81,5.63,21051.774414488573,"1,475","3,404",22.0,58.0,20.0
영락의료과학고등학교,18.0,356.0,19.77777777777778,42.0,관악구,6.0,2.0,6.16,5.24,5.81,5.63,21051.774414488573,"1,475","3,404",22.0,58.0,20.0
금옥여자고등학교,31.0,710.0,22.90322580645161,70.0,양천구,14.0,16.0,6.29,5.47,5.91,5.72,25867.322843418573,"1,536","3,680",23.7,62.8,13.5
서울금융고등학교,25.0,329.0,13.16,54.0,양천구,10.0,9.0,6.29,5.47,5.91,5.72,25867.322843418573,"1,536","3,680",23.7,62.8,13.5
신목고등학교,43.0,1188.0,27.627906976744185,95.0,양천구,36.0,42.0,6.29,5.47,5.91,5.72,25867.322843418573,"1,536","3,680",23.7,62.8,13.5
신서고등학교,24.0,576.0,24.0,52.0,양천구,19.0,20.0,6.29,5.47,5.91,5.72,25867.322843418573,"1,536","3,680",23.7,62.8,13.5
강서고등학교,36.0,971.0,26.97222222222222,74.0,양천구,27.0,17.0,6.29,5.47,5.91,5.72,25867.322843418573,"1,536","3,680",23.7,62.8,13.5
광영고등학교,39.0,858.0,22.0,84.0,양천구,6.0,3.0,6.29,5.47,5.91,5.72,25867.322843418573,"1,536","3,680",23.7,62.8,13.5
광영여자고등학교,39.0,992.0,25.435897435897434,87.0,양천구,14.0,13.0,6.29,5.47,5.91,5.72,25867.322843418573,"1,536","3,680",23.7,62.8,13.5
대일관광고등학교,23.0,530.0,23.043478260869566,49.0,양천구,3.0,15.0,6.29,5.47,5.91,5.72,25867.322843418573,"1,536","3,680",23.7,62.8,13.5
목동고등학교,45.0,1101.0,24.466666666666665,93.0,양천구,11.0,26.0,6.29,5.47,5.91,5.72,25867.322843418573,"1,536","3,680",23.7,62.8,13.5
백암고등학교,36.0,1011.0,28.08333333333333,74.0,양천구,15.0,18.0,6.29,5.47,5.91,5.72,25867.322843418573,"1,536","3,680",23.7,62.8,13.5
서울영상고등학교,18.0,457.0,25.38888888888889,42.0,양천구,15.0,20.0,6.29,5.47,5.91,5.72,25867.322843418573,"1,536","3,680",23.7,62.8,13.5
양정고등학교,36.0,1127.0,31.30555555555556,77.0,양천구,32.0,32.0,6.29,5.47,5.91,5.72,25867.322843418573,"1,536","3,680",23.7,62.8,13.5
양천고등학교,33.0,974.0,29.51515151515152,69.0,양천구,6.0,20.0,6.29,5.47,5.91,5.72,25867.322843418573,"1,536","3,680",23.7,62.8,13.5
진명여자고등학교,45.0,1388.0,30.844444444444445,102.0,양천구,13.0,16.0,6.29,5.47,5.91,5.72,25867.322843418573,"1,536","3,680",23.7,62.8,13.5
한가람고등학교,24.0,813.0,33.875,48.0,양천구,14.0,14.0,6.29,5.47,5.91,5.72,25867.322843418573,"1,536","3,680",23.7,62.8,13.5
누원고등학교,23.0,480.0,20.869565217391305,57.0,도봉구,17.0,8.0,6.31,5.37,5.89,5.55,13895.08970203599,"1,664","3,927",14.0,56.2,29.7
도봉고등학교,20.0,277.0,13.85,44.0,도봉구,10.0,12.0,6.31,5.37,5.89,5.55,13895.08970203599,"1,664","3,927",14.0,56.2,29.7
서울문화고등학교,32.0,610.0,19.0625,71.0,도봉구,23.0,33.0,6.31,5.37,5.89,5.55,13895.08970203599,"1,664","3,927",14.0,56.2,29.7
자운고등학교,30.0,727.0,24.23333333333333,69.0,도봉구,25.0,22.0,6.31,5.37,5.89,5.55,13895.08970203599,"1,664","3,927",14.0,56.2,29.7
창동고등학교,43.0,1130.0,26.27906976744186,93.0,도봉구,19.0,23.0,6.31,5.37,5.89,5.55,13895.08970203599,"1,664","3,927",14.0,56.2,29.7
효문고등학교,26.0,509.0,19.57692307692308,57.0,도봉구,18.0,6.0,6.31,5.37,5.89,5.55,13895.08970203599,"1,664","3,927",14.0,56.2,29.7
서울외국어고등학교,30.0,648.0,21.6,53.0,도봉구,13.0,21.0,6.31,5.37,5.89,5.55,13895.08970203599,"1,664","3,927",14.0,56.2,29.7
선덕고등학교,34.0,1166.0,34.294117647058826,74.0,도봉구,17.0,47.0,6.31,5.37,5.89,5.55,13895.08970203599,"1,664","3,927",14.0,56.2,29.7
세그루패션디자인고등학교,24.0,532.0,22.166666666666668,57.0,도봉구,9.0,18.0,6.31,5.37,5.89,5.55,13895.08970203599,"1,664","3,927",14.0,56.2,29.7
정의여자고등학교,36.0,875.0,24.30555555555556,79.0,도봉구,12.0,6.0,6.31,5.37,5.89,5.55,13895.08970203599,"1,664","3,927",14.0,56.2,29.7
동작고등학교,30.0,719.0,23.966666666666665,71.0,동작구,48.0,20.0,6.27,5.25,5.95,5.7,19634.683384079053,994,"2,292",30.0,53.1,17.0
서울공업고등학교,60.0,1464.0,24.4,161.0,동작구,21.0,33.0,6.27,5.25,5.95,5.7,19634.683384079053,994,"2,292",30.0,53.1,17.0
수도여자고등학교,33.0,925.0,28.03030303030303,76.0,동작구,19.0,8.0,6.27,5.25,5.95,5.7,19634.683384079053,994,"2,292",30.0,53.1,17.0
영등포고등학교,27.0,582.0,21.55555555555556,63.0,동작구,11.0,12.0,6.27,5.25,5.95,5.7,19634.683384079053,994,"2,292",30.0,53.1,17.0
경문고등학교,24.0,588.0,24.5,51.0,동작구,14.0,79.0,6.27,5.25,5.95,5.7,19634.683384079053,994,"2,292",30.0,53.1,17.0
성남고등학교,36.0,1050.0,29.166666666666668,76.0,동작구,24.0,35.0,6.27,5.25,5.95,5.7,19634.683384079053,994,"2,292",30.0,53.1,17.0
숭의여자고등학교,27.0,837.0,31.0,61.0,동작구,11.0,11.0,6.27,5.25,5.95,5.7,19634.683384079053,994,"2,292",30.0,53.1,17.0
면목고등학교,30.0,632.0,21.066666666666663,69.0,중랑구,3.0,0.0,6.52,5.53,5.91,5.52,15817.655916927088,"2,295","5,413",16.0,58.5,25.6
신현고등학교,27.0,618.0,22.88888888888889,61.0,중랑구,23.0,8.0,6.52,5.53,5.91,5.52,15817.655916927088,"2,295","5,413",16.0,58.5,25.6
원묵고등학교,27.0,722.0,26.74074074074074,62.0,중랑구,18.0,8.0,6.52,5.53,5.91,5.52,15817.655916927088,"2,295","5,413",16.0,58.5,25.6
중화고등학교,27.0,591.0,21.88888888888889,58.0,중랑구,14.0,12.0,6.52,5.53,5.91,5.52,15817.655916927088,"2,295","5,413",16.0,58.5,25.6
태릉고등학교,30.0,747.0,24.9,68.0,중랑구,17.0,4.0,6.52,5.53,5.91,5.52,15817.655916927088,"2,295","5,413",16.0,58.5,25.6
송곡고등학교,30.0,706.0,23.53333333333333,62.0,중랑구,16.0,14.0,6.52,5.53,5.91,5.52,15817.655916927088,"2,295","5,413",16.0,58.5,25.6
송곡관광고등학교,21.0,512.0,24.38095238095238,48.0,중랑구,13.0,4.0,6.52,5.53,5.91,5.52,15817.655916927088,"2,295","5,413",16.0,58.5,25.6
송곡여자고등학교,33.0,744.0,22.545454545454547,66.0,중랑구,24.0,13.0,6.52,5.53,5.91,5.52,15817.655916927088,"2,295","5,413",16.0,58.5,25.6
이화여자대학교병설미디어고등학교,24.0,596.0,24.83333333333333,55.0,중랑구,1.0,14.0,6.52,5.53,5.91,5.52,15817.655916927088,"2,295","5,413",16.0,58.5,25.6
혜원여자고등학교,30.0,695.0,23.166666666666668,65.0,중랑구,8.0,22.0,6.52,5.53,5.91,5.52,15817.655916927088,"2,295","5,413",16.0,58.5,25.6
미양고등학교,24.0,569.0,23.70833333333333,57.0,강북구,20.0,18.0,6.22,5.25,5.88,5.52,14017.194383404363,"1,962","4,573",23.6,52.9,23.4
삼각산고등학교,28.0,647.0,23.107142857142858,68.0,강북구,34.0,15.0,6.22,5.25,5.88,5.52,14017.194383404363,"1,962","4,573",23.6,52.9,23.4
혜화여자고등학교,30.0,677.0,22.566666666666663,69.0,강북구,22.0,11.0,6.22,5.25,5.88,5.52,14017.194383404363,"1,962","4,573",23.6,52.9,23.4
성암국제무역고등학교,24.0,561.0,23.375,55.0,강북구,2.0,11.0,6.22,5.25,5.88,5.52,14017.194383404363,"1,962","4,573",23.6,52.9,23.4
신일고등학교,33.0,1033.0,31.303030303030305,60.0,강북구,24.0,40.0,6.22,5.25,5.88,5.52,14017.194383404363,"1,962","4,573",23.6,52.9,23.4
영훈고등학교,36.0,1071.0,29.75,78.0,강북구,29.0,10.0,6.22,5.25,5.88,5.52,14017.194383404363,"1,962","4,573",23.6,52.9,23.4
창문여자고등학교,39.0,984.0,25.23076923076923,79.0,강북구,20.0,21.0,6.22,5.25,5.88,5.52,14017.194383404363,"1,962","4,573",23.6,52.9,23.4
반포고등학교,30.0,865.0,28.83333333333333,77.0,서초구,27.0,43.0,6.59,5.24,6.06,5.88,29408.776231474876,547,"1,302",11.9,52.8,35.2
서울고등학교,45.0,1359.0,30.2,100.0,서초구,32.0,26.0,6.59,5.24,6.06,5.88,29408.776231474876,547,"1,302",11.9,52.8,35.2
서울전자고등학교,19.0,357.0,18.789473684210527,59.0,서초구,7.0,13.0,6.59,5.24,6.06,5.88,29408.776231474876,547,"1,302",11.9,52.8,35.2
서초고등학교,33.0,892.0,27.03030303030303,84.0,서초구,36.0,21.0,6.59,5.24,6.06,5.88,29408.776231474876,547,"1,302",11.9,52.8,35.2
양재고등학교,33.0,869.0,26.33333333333333,81.0,서초구,27.0,18.0,6.59,5.24,6.06,5.88,29408.776231474876,547,"1,302",11.9,52.8,35.2
언남고등학교,33.0,609.0,18.454545454545453,74.0,서초구,17.0,32.0,6.59,5.24,6.06,5.88,29408.776231474876,547,"1,302",11.9,52.8,35.2
동덕여자고등학교,39.0,996.0,25.53846153846154,87.0,서초구,21.0,14.0,6.59,5.24,6.06,5.88,29408.776231474876,547,"1,302",11.9,52.8,35.2
상문고등학교,42.0,1212.0,28.857142857142858,89.0,서초구,31.0,35.0,6.59,5.24,6.06,5.88,29408.776231474876,547,"1,302",11.9,52.8,35.2
서문여자고등학교,39.0,966.0,24.76923076923077,89.0,서초구,15.0,32.0,6.59,5.24,6.06,5.88,29408.776231474876,547,"1,302",11.9,52.8,35.2
세화고등학교,36.0,1124.0,31.22222222222222,78.0,서초구,32.0,22.0,6.59,5.24,6.06,5.88,29408.776231474876,547,"1,302",11.9,52.8,35.2
세화여자고등학교,36.0,1114.0,30.944444444444443,74.0,서초구,36.0,29.0,6.59,5.24,6.06,5.88,29408.776231474876,547,"1,302",11.9,52.8,35.2
상암고등학교,33.0,952.0,28.848484848484848,72.0,마포구,42.0,17.0,6.44,5.47,6.0,5.58,23810.700434528848,905,"2,073",16.5,53.7,29.8
서울여자고등학교,33.0,841.0,25.484848484848484,71.0,마포구,24.0,22.0,6.44,5.47,6.0,5.58,23810.700434528848,905,"2,073",16.5,53.7,29.8
경성고등학교,24.0,688.0,28.666666666666668,54.0,마포구,30.0,11.0,6.44,5.47,6.0,5.58,23810.700434528848,905,"2,073",16.5,53.7,29.8
광성고등학교,27.0,720.0,26.666666666666668,59.0,마포구,1.0,0.0,6.44,5.47,6.0,5.58,23810.700434528848,905,"2,073",16.5,53.7,29.8
서울디자인고등학교,34.0,837.0,24.61764705882353,90.0,마포구,10.0,30.0,6.44,5.47,6.0,5.58,23810.700434528848,905,"2,073",16.5,53.7,29.8
숭문고등학교,24.0,625.0,26.041666666666668,49.0,마포구,15.0,27.0,6.44,5.47,6.0,5.58,23810.700434528848,905,"2,073",16.5,53.7,29.8
한세사이버보안고등학교,15.0,364.0,24.266666666666666,37.0,마포구,3.0,14.0,6.44,5.47,6.0,5.58,23810.700434528848,905,"2,073",16.5,53.7,29.8
홍익대학교사범대학부속여자고등학교,24.0,752.0,31.33333333333333,55.0,마포구,14.0,10.0,6.44,5.47,6.0,5.58,23810.700434528848,905,"2,073",16.5,53.7,29.8
홍익디자인고등학교,15.0,382.0,25.466666666666665,34.0,마포구,11.0,10.0,6.44,5.47,6.0,5.58,23810.700434528848,905,"2,073",16.5,53.7,29.8
선린인터넷고등학교,36.0,904.0,25.11111111111111,82.0,용산구,2.0,17.0,6.41,5.34,5.94,5.77,11975.596747928534,621,"1,333",24.1,52.7,23.2
용산고등학교,43.0,1097.0,25.511627906976745,93.0,용산구,26.0,20.0,6.41,5.34,5.94,5.77,11975.596747928534,621,"1,333",24.1,52.7,23.2
용산공업고등학교,33.0,776.0,23.51515151515152,86.0,용산구,,,6.41,5.34,5.94,5.77,11975.596747928534,621,"1,333",24.1,52.7,23.2
중경고등학교,24.0,448.0,18.666666666666668,55.0,용산구,27.0,31.0,6.41,5.34,5.94,5.77,11975.596747928534,621,"1,333",24.1,52.7,23.2
배문고등학교,23.0,390.0,16.956521739130434,51.0,용산구,3.0,14.0,6.41,5.34,5.94,5.77,11975.596747928534,621,"1,333",24.1,52.7,23.2
보성여자고등학교,21.0,546.0,26.0,46.0,용산구,9.0,7.0,6.41,5.34,5.94,5.77,11975.596747928534,621,"1,333",24.1,52.7,23.2
서울디지텍고등학교,15.0,358.0,23.866666666666667,40.0,용산구,3.0,10.0,6.41,5.34,5.94,5.77,11975.596747928534,621,"1,333",24.1,52.7,23.2
성심여자고등학교,27.0,599.0,22.185185185185187,62.0,용산구,12.0,16.0,6.41,5.34,5.94,5.77,11975.596747928534,621,"1,333",24.1,52.7,23.2
신광여자고등학교,16.0,310.0,19.375,38.0,용산구,8.0,5.0,6.41,5.34,5.94,5.77,11975.596747928534,621,"1,333",24.1,52.7,23.2
오산고등학교,24.0,568.0,23.666666666666668,52.0,용산구,14.0,14.0,6.41,5.34,5.94,5.77,11975.596747928534,621,"1,333",24.1,52.7,23.2
성동고등학교,27.0,475.0,17.59259259259259,60.0,중구,6.0,14.0,6.43,5.52,6.01,5.51,8826.425424408124,365,815,32.6,35.2,32.2
성동공업고등학교,35.0,868.0,24.8,89.0,중구,11.0,25.0,6.43,5.52,6.01,5.51,8826.425424408124,365,815,32.6,35.2,32.2
성동글로벌경영고등학교,28.0,636.0,22.714285714285715,63.0,중구,3.0,10.0,6.43,5.52,6.01,5.51,8826.425424408124,365,815,32.6,35.2,32.2
경기여자상업고등학교,15.0,358.0,23.866666666666667,34.0,중구,,,6.43,5.52,6.01,5.51,8826.425424408124,365,815,32.6,35.2,32.2
대경상업고등학교,24.0,570.0,23.75,57.0,중구,10.0,11.0,6.43,5.52,6.01,5.51,8826.425424408124,365,815,32.6,35.2,32.2
리라아트고등학교,18.0,455.0,25.27777777777778,45.0,중구,29.0,17.0,6.43,5.52,6.01,5.51,8826.425424408124,365,815,32.6,35.2,32.2
이화여자고등학교,36.0,1226.0,34.05555555555556,83.0,중구,29.0,28.0,6.43,5.52,6.01,5.51,8826.425424408124,365,815,32.6,35.2,32.2
이화여자외국어고등학교,18.0,403.0,22.38888888888889,39.0,중구,5.0,3.0,6.43,5.52,6.01,5.51,8826.425424408124,365,815,32.6,35.2,32.2
장충고등학교,20.0,394.0,19.7,46.0,중구,6.0,14.0,6.43,5.52,6.01,5.51,8826.425424408124,365,815,32.6,35.2,32.2
한양공업고등학교,36.0,911.0,25.30555555555556,91.0,중구,2.0,16.0,6.43,5.52,6.01,5.51,8826.425424408124,365,815,32.6,35.2,32.2
환일고등학교,30.0,762.0,25.4,69.0,중구,7.0,15.0,6.43,5.52,6.01,5.51,8826.425424408124,365,815,32.6,35.2,32.2
신도고등학교,27.0,617.0,22.85185185185185,61.0,은평구,19.0,6.0,6.37,5.57,5.93,5.49,23751.775839145383,"2,114","4,967",22.7,53.4,23.9
은평고등학교,24.0,537.0,22.375,53.0,은평구,23.0,9.0,6.37,5.57,5.93,5.49,23751.775839145383,"2,114","4,967",22.7,53.4,23.9
진관고등학교,32.0,772.0,24.125,72.0,은평구,34.0,10.0,6.37,5.57,5.93,5.49,23751.775839145383,"2,114","4,967",22.7,53.4,23.9
대성고등학교,30.0,875.0,29.166666666666668,66.0,은평구,11.0,64.0,6.37,5.57,5.93,5.49,23751.775839145383,"2,114","4,967",22.7,53.4,23.9
동명여자고등학교,39.0,1105.0,28.33333333333333,80.0,은평구,17.0,20.0,6.37,5.57,5.93,5.49,23751.775839145383,"2,114","4,967",22.7,53.4,23.9
동명여자정보산업고등학교,15.0,341.0,22.73333333333333,35.0,은평구,,,6.37,5.57,5.93,5.49,23751.775839145383,"2,114","4,967",22.7,53.4,23.9
선일여자고등학교,32.0,738.0,23.0625,71.0,은평구,13.0,11.0,6.37,5.57,5.93,5.49,23751.775839145383,"2,114","4,967",22.7,53.4,23.9
선일이비즈니스고등학교,27.0,630.0,23.33333333333333,59.0,은평구,3.0,19.0,6.37,5.57,5.93,5.49,23751.775839145383,"2,114","4,967",22.7,53.4,23.9
선정고등학교,39.0,1171.0,30.025641025641026,81.0,은평구,18.0,12.0,6.37,5.57,5.93,5.49,23751.775839145383,"2,114","4,967",22.7,53.4,23.9
선정국제관광고등학교,15.0,339.0,22.6,40.0,은평구,7.0,10.0,6.37,5.57,5.93,5.49,23751.775839145383,"2,114","4,967",22.7,53.4,23.9
세명컴퓨터고등학교,25.0,630.0,25.2,67.0,은평구,7.0,12.0,6.37,5.57,5.93,5.49,23751.775839145383,"2,114","4,967",22.7,53.4,23.9
숭실고등학교,39.0,1105.0,28.33333333333333,82.0,은평구,43.0,25.0,6.37,5.57,5.93,5.49,23751.775839145383,"2,114","4,967",22.7,53.4,23.9
신진과학기술고등학교,24.0,584.0,24.33333333333333,66.0,은평구,3.0,10.0,6.37,5.57,5.93,5.49,23751.775839145383,"2,114","4,967",22.7,53.4,23.9
예일디자인고등학교,24.0,613.0,25.541666666666668,54.0,은평구,11.0,9.0,6.37,5.57,5.93,5.49,23751.775839145383,"2,114","4,967",22.7,53.4,23.9
예일여자고등학교,36.0,991.0,27.52777777777778,85.0,은평구,14.0,26.0,6.37,5.57,5.93,5.49,23751.775839145383,"2,114","4,967",22.7,53.4,23.9
은평메디텍고등학교,23.0,477.0,20.73913043478261,59.0,은평구,7.0,14.0,6.37,5.57,5.93,5.49,23751.775839145383,"2,114","4,967",22.7,53.4,23.9
충암고등학교,39.0,1070.0,27.435897435897434,83.0,은평구,24.0,18.0,6.37,5.57,5.93,5.49,23751.775839145383,"2,114","4,967",22.7,53.4,23.9
하나고등학교,24.0,617.0,25.70833333333333,56.0,은평구,7.0,9.0,6.37,5.57,5.93,5.49,23751.775839145383,"2,114","4,967",22.7,53.4,23.9
청량고등학교,36.0,847.0,23.52777777777778,85.0,동대문구,33.0,17.0,6.1,5.16,5.86,5.55,18514.572580575248,"1,157","2,709",31.6,46.3,22.0
휘경공업고등학교,29.0,402.0,13.862068965517242,78.0,동대문구,5.0,19.0,6.1,5.16,5.86,5.55,18514.572580575248,"1,157","2,709",31.6,46.3,22.0
휘봉고등학교,23.0,449.0,19.52173913043478,56.0,동대문구,28.0,12.0,6.1,5.16,5.86,5.55,18514.572580575248,"1,157","2,709",31.6,46.3,22.0
경희고등학교,24.0,752.0,31.33333333333333,53.0,동대문구,21.0,39.0,6.1,5.16,5.86,5.55,18514.572580575248,"1,157","2,709",31.6,46.3,22.0
경희여자고등학교,23.0,500.0,21.73913043478261,53.0,동대문구,7.0,10.0,6.1,5.16,5.86,5.55,18514.572580575248,"1,157","2,709",31.6,46.3,22.0
대광고등학교,29.0,957.0,33.0,61.0,동대문구,9.0,33.0,6.1,5.16,5.86,5.55,18514.572580575248,"1,157","2,709",31.6,46.3,22.0
동국대학교사범대학부속고등학교,33.0,949.0,28.75757575757576,73.0,동대문구,33.0,20.0,6.1,5.16,5.86,5.55,18514.572580575248,"1,157","2,709",31.6,46.3,22.0
정화여자상업고등학교,19.0,334.0,17.57894736842105,43.0,동대문구,5.0,7.0,6.1,5.16,5.86,5.55,18514.572580575248,"1,157","2,709",31.6,46.3,22.0
해성국제컨벤션고등학교,27.0,635.0,23.51851851851852,61.0,동대문구,4.0,18.0,6.1,5.16,5.86,5.55,18514.572580575248,"1,157","2,709",31.6,46.3,22.0
해성여자고등학교,27.0,673.0,24.925925925925927,58.0,동대문구,16.0,6.0,6.1,5.16,5.86,5.55,18514.572580575248,"1,157","2,709",31.6,46.3,22.0
휘경여자고등학교,33.0,851.0,25.78787878787879,71.0,동대문구,13.0,23.0,6.1,5.16,5.86,5.55,18514.572580575248,"1,157","2,709",31.6,46.3,22.0
